Name,char_xmin,char_ymin,char_xmax,char_ymax,width,height,paragraph,section,word,letter,region,assigned_line,char,char_x_center,char_y_center,trial_id
__re_p1_s1_w1_c1_r0_l1_H,260,82,290,123,30,41,1,1,1,1,0,1,H,275,102.5,1
__re_p1_s1_w1_c2_r0_l1_a,290,82,310,123,20,41,1,1,1,2,0,1,a,300,102.5,1
__re_p1_s1_w1_c3_r0_l1_y,311,82,336,123,25,41,1,1,1,3,0,1,y,323.5,102.5,1
__re_p1_s1_w1_c1_r0_l1_q,337,82,365,123,28,41,1,1,1,1,0,1,q,351,102.5,1
__re_p1_s1_w1_c2_r0_l1_u,365,82,385,123,20,41,1,1,1,2,0,1,u,375,102.5,1
__re_p1_s1_w1_c3_r0_l1_e,386,82,414,123,28,41,1,1,1,3,0,1,e,400,102.5,1
__re_p1_s1_w1_c1_r0_l1_d,414,82,442,123,28,41,1,1,1,1,0,1,d,428,102.5,1
__re_p1_s1_w1_c2_r0_l1_e,443,82,463,123,20,41,1,1,1,2,0,1,e,453,102.5,1
__re_p1_s1_w1_c3_r0_l1_c,463,82,481,123,18,41,1,1,1,3,0,1,c,472,102.5,1
__re_p1_s1_w1_c4_r0_l1_i,481,82,488,123,7,41,1,1,1,4,0,1,i,484.5,102.5,1
__re_p1_s1_w1_c5_r0_l1_r,489,82,508,123,19,41,1,1,1,5,0,1,r,498.5,102.5,1
__re_p1_s1_w1_c1_r0_l1_q,509,82,537,123,28,41,1,1,1,1,0,1,q,523,102.5,1
__re_p1_s1_w1_c2_r0_l1_u,537,82,557,123,20,41,1,1,1,2,0,1,u,547,102.5,1
__re_p1_s1_w1_c3_r0_l1_e,557,82,577,123,20,41,1,1,1,3,0,1,e,567,102.5,1
"__re_p1_s1_w1_c4_r0_l1_,",578,82,596,123,18,41,1,1,1,4,0,1,",",587,102.5,1
__re_p1_s1_w1_c1_r0_l1_e,596,82,624,123,28,41,1,1,1,1,0,1,e,610,102.5,1
__re_p1_s1_w1_c2_r0_l1_n,624,82,652,123,28,41,1,1,1,2,0,1,n,638,102.5,1
__re_p1_s1_w1_c1_r0_l1_l,653,82,668,123,15,41,1,1,1,1,0,1,l,660.5,102.5,1
__re_p1_s1_w1_c2_r0_l1_a,669,82,697,123,28,41,1,1,1,2,0,1,a,683,102.5,1
__re_p1_s1_w1_c1_r0_l1_c,698,82,724,123,26,41,1,1,1,1,0,1,c,711,102.5,1
__re_p1_s1_w1_c2_r0_l1_u,724,82,744,123,20,41,1,1,1,2,0,1,u,734,102.5,1
__re_p1_s1_w1_c3_r0_l1_l,744,82,751,123,7,41,1,1,1,3,0,1,l,747.5,102.5,1
__re_p1_s1_w1_c4_r0_l1_t,752,82,762,123,10,41,1,1,1,4,0,1,t,757,102.5,1
__re_p1_s1_w1_c5_r0_l1_u,762,82,782,123,20,41,1,1,1,5,0,1,u,772,102.5,1
__re_p1_s1_w1_c6_r0_l1_r,782,82,793,123,11,41,1,1,1,6,0,1,r,787.5,102.5,1
__re_p1_s1_w1_c7_r0_l1_a,794,82,822,123,28,41,1,1,1,7,0,1,a,808,102.5,1
__re_p1_s1_w1_c1_r0_l1_o,823,82,851,123,28,41,1,1,1,1,0,1,o,837,102.5,1
__re_p1_s1_w1_c2_r0_l1_c,851,82,869,123,18,41,1,1,1,2,0,1,c,860,102.5,1
__re_p1_s1_w1_c3_r0_l1_c,869,82,887,123,18,41,1,1,1,3,0,1,c,878,102.5,1
__re_p1_s1_w1_c4_r0_l1_i,887,82,894,123,7,41,1,1,1,4,0,1,i,890.5,102.5,1
__re_p1_s1_w1_c5_r0_l1_d,895,82,915,123,20,41,1,1,1,5,0,1,d,905,102.5,1
__re_p1_s1_w1_c6_r0_l1_e,915,82,935,123,20,41,1,1,1,6,0,1,e,925,102.5,1
__re_p1_s1_w1_c7_r0_l1_n,935,82,955,123,20,41,1,1,1,7,0,1,n,945,102.5,1
__re_p1_s1_w1_c8_r0_l1_t,956,82,966,123,10,41,1,1,1,8,0,1,t,961,102.5,1
__re_p1_s1_w1_c9_r0_l1_a,966,82,986,123,20,41,1,1,1,9,0,1,a,976,102.5,1
__re_p1_s1_w1_c10_r0_l1_l,986,82,993,123,7,41,1,1,1,10,0,1,l,989.5,102.5,1
"__re_p1_s1_w1_c11_r0_l1_,",994,82,1012,123,18,41,1,1,1,11,0,1,",",1003,102.5,1
__re_p1_s1_w1_c1_r0_l1_i,1012,82,1027,123,15,41,1,1,1,1,0,1,i,1019.5,102.5,1
__re_p1_s1_w1_c2_r0_l1_n,1028,82,1048,123,20,41,1,1,1,2,0,1,n,1038,102.5,1
__re_p1_s1_w1_c3_r0_l1_c,1048,82,1066,123,18,41,1,1,1,3,0,1,c,1057,102.5,1
__re_p1_s1_w1_c4_r0_l1_l,1066,82,1073,123,7,41,1,1,1,4,0,1,l,1069.5,102.5,1
__re_p1_s1_w1_c5_r0_l1_u,1074,82,1094,123,20,41,1,1,1,5,0,1,u,1084,102.5,1
__re_p1_s1_w1_c6_r0_l1_s,1095,82,1113,123,18,41,1,1,1,6,0,1,s,1104,102.5,1
__re_p1_s1_w1_c7_r0_l1_o,1113,82,1141,123,28,41,1,1,1,7,0,1,o,1127,102.5,1
__re_p1_s1_w1_c1_r0_l1_y,1141,82,1167,123,26,41,1,1,1,1,0,1,y,1154,102.5,1
__re_p1_s1_w1_c2_r0_l1_a,1167,82,1195,123,28,41,1,1,1,2,0,1,a,1181,102.5,1
__re_p1_s1_w1_c1_r0_l1_e,1196,82,1224,123,28,41,1,1,1,1,0,1,e,1210,102.5,1
__re_p1_s1_w1_c2_r0_l1_n,1224,82,1252,123,28,41,1,1,1,2,0,1,n,1238,102.5,1
__re_p1_s1_w1_c1_r0_l1_l,1253,82,1268,123,15,41,1,1,1,1,0,1,l,1260.5,102.5,1
__re_p1_s1_w1_c2_r0_l1_a,1269,82,1297,123,28,41,1,1,1,2,0,1,a,1283,102.5,1
__re_p1_s1_w1_c1_r0_l1_é,1298,82,1326,123,28,41,1,1,1,1,0,1,é,1312,102.5,1
__re_p1_s1_w1_c2_r0_l1_p,1326,82,1346,123,20,41,1,1,1,2,0,1,p,1336,102.5,1
__re_p1_s1_w1_c3_r0_l1_o,1346,82,1366,123,20,41,1,1,1,3,0,1,o,1356,102.5,1
__re_p1_s1_w1_c4_r0_l1_c,1366,82,1384,123,18,41,1,1,1,4,0,1,c,1375,102.5,1
__re_p1_s1_w1_c5_r0_l1_a,1384,82,1412,123,28,41,1,1,1,5,0,1,a,1398,102.5,1
__re_p1_s1_w1_c1_r0_l1_d,1413,82,1441,123,28,41,1,1,1,1,0,1,d,1427,102.5,1
__re_p1_s1_w1_c2_r0_l1_e,1441,82,1468,123,27,41,1,1,1,2,0,1,e,1454.5,102.5,1
__re_p1_s1_w1_c1_r0_l1_A,1469,82,1500,123,31,41,1,1,1,1,0,1,A,1484.5,102.5,1
__re_p1_s1_w1_c2_r0_l1_r,1500,82,1511,123,11,41,1,1,1,2,0,1,r,1505.5,102.5,1
__re_p1_s1_w1_c3_r0_l1_i,1512,82,1519,123,7,41,1,1,1,3,0,1,i,1515.5,102.5,1
__re_p1_s1_w1_c4_r0_l1_s,1520,82,1538,123,18,41,1,1,1,4,0,1,s,1529,102.5,1
__re_p1_s1_w1_c5_r0_l1_t,1538,82,1548,123,10,41,1,1,1,5,0,1,t,1543,102.5,1
__re_p1_s1_w1_c6_r0_l1_ó,1548,82,1568,123,20,41,1,1,1,6,0,1,ó,1558,102.5,1
__re_p1_s1_w1_c7_r0_l1_t,1568,82,1578,123,10,41,1,1,1,7,0,1,t,1573,102.5,1
__re_p1_s1_w1_c8_r0_l1_e,1578,82,1598,123,20,41,1,1,1,8,0,1,e,1588,102.5,1
__re_p1_s1_w1_c9_r0_l1_l,1598,82,1605,123,7,41,1,1,1,9,0,1,l,1601.5,102.5,1
__re_p1_s1_w1_c10_r0_l1_e,1606,82,1626,123,20,41,1,1,1,10,0,1,e,1616,102.5,1
__re_p1_s1_w1_c11_r0_l1_s,1626,82,1644,123,18,41,1,1,1,11,0,1,s,1635,102.5,1
"__re_p1_s1_w1_c12_r0_l1_,",1644,82,1660,123,16,41,1,1,1,12,0,1,",",1652,102.5,1
__re_p1_s1_w1_c1_r0_l1_h,260,123,285,165,25,42,1,1,1,1,0,1,h,272.5,144,1
__re_p1_s1_w1_c2_r0_l1_a,285,123,305,165,20,42,1,1,1,2,0,1,a,295,144,1
__re_p1_s1_w1_c3_r0_l1_b,305,123,325,165,20,42,1,1,1,3,0,1,b,315,144,1
__re_p1_s1_w1_c4_r0_l1_í,325,123,335,165,10,42,1,1,1,4,0,1,í,330,144,1
__re_p1_s1_w1_c5_r0_l1_a,335,123,362,165,27,42,1,1,1,5,0,1,a,348.5,144,1
__re_p1_s1_w1_c1_r0_l1_o,362,123,389,165,27,42,1,1,1,1,0,1,o,375.5,144,1
__re_p1_s1_w1_c2_r0_l1_t,389,123,399,165,10,42,1,1,1,2,0,1,t,394,144,1
__re_p1_s1_w1_c3_r0_l1_r,399,123,410,165,11,42,1,1,1,3,0,1,r,404.5,144,1
__re_p1_s1_w1_c4_r0_l1_a,411,123,431,165,20,42,1,1,1,4,0,1,a,421,144,1
__re_p1_s1_w1_c5_r0_l1_s,431,123,455,165,24,42,1,1,1,5,0,1,s,443,144,1
__re_p1_s1_w1_c1_r0_l1_d,456,123,482,165,26,42,1,1,1,1,0,1,d,469,144,1
__re_p1_s1_w1_c2_r0_l1_e,483,123,503,165,20,42,1,1,1,2,0,1,e,493,144,1
__re_p1_s1_w1_c3_r0_l1_s,503,123,521,165,18,42,1,1,1,3,0,1,s,512,144,1
__re_p1_s1_w1_c4_r0_l1_c,521,123,539,165,18,42,1,1,1,4,0,1,c,530,144,1
__re_p1_s1_w1_c5_r0_l1_r,539,123,550,165,11,42,1,1,1,5,0,1,r,544.5,144,1
__re_p1_s1_w1_c6_r0_l1_i,551,123,558,165,7,42,1,1,1,6,0,1,i,554.5,144,1
__re_p1_s1_w1_c7_r0_l1_p,559,123,579,165,20,42,1,1,1,7,0,1,p,569,144,1
__re_p1_s1_w1_c8_r0_l1_c,579,123,597,165,18,42,1,1,1,8,0,1,c,588,144,1
__re_p1_s1_w1_c9_r0_l1_i,597,123,604,165,7,42,1,1,1,9,0,1,i,600.5,144,1
__re_p1_s1_w1_c10_r0_l1_o,605,123,625,165,20,42,1,1,1,10,0,1,o,615,144,1
__re_p1_s1_w1_c11_r0_l1_n,625,123,645,165,20,42,1,1,1,11,0,1,n,635,144,1
__re_p1_s1_w1_c12_r0_l1_e,645,123,665,165,20,42,1,1,1,12,0,1,e,655,144,1
__re_p1_s1_w1_c13_r0_l1_s,665,123,690,165,25,42,1,1,1,13,0,1,s,677.5,144,1
__re_p1_s1_w1_c1_r0_l1_m,690,123,726,165,36,42,1,1,1,1,0,1,m,708,144,1
__re_p1_s1_w1_c2_r0_l1_á,727,123,747,165,20,42,1,1,1,2,0,1,á,737,144,1
__re_p1_s1_w1_c3_r0_l1_s,747,123,771,165,24,42,1,1,1,3,0,1,s,759,144,1
__re_p1_s1_w1_c1_r0_l1_a,772,123,798,165,26,42,1,1,1,1,0,1,a,785,144,1
__re_p1_s1_w1_c2_r0_l1_c,799,123,817,165,18,42,1,1,1,2,0,1,c,808,144,1
__re_p1_s1_w1_c3_r0_l1_e,817,123,837,165,20,42,1,1,1,3,0,1,e,827,144,1
__re_p1_s1_w1_c4_r0_l1_r,837,123,848,165,11,42,1,1,1,4,0,1,r,842.5,144,1
__re_p1_s1_w1_c5_r0_l1_t,849,123,859,165,10,42,1,1,1,5,0,1,t,854,144,1
__re_p1_s1_w1_c6_r0_l1_a,859,123,879,165,20,42,1,1,1,6,0,1,a,869,144,1
__re_p1_s1_w1_c7_r0_l1_d,879,123,899,165,20,42,1,1,1,7,0,1,d,889,144,1
__re_p1_s1_w1_c8_r0_l1_a,899,123,919,165,20,42,1,1,1,8,0,1,a,909,144,1
__re_p1_s1_w1_c9_r0_l1_s,919,123,944,165,25,42,1,1,1,9,0,1,s,931.5,144,1
__re_p1_s1_w1_c1_r0_l1_q,944,123,971,165,27,42,1,1,1,1,0,1,q,957.5,144,1
__re_p1_s1_w1_c2_r0_l1_u,971,123,991,165,20,42,1,1,1,2,0,1,u,981,144,1
__re_p1_s1_w1_c3_r0_l1_e,991,123,1018,165,27,42,1,1,1,3,0,1,e,1004.5,144,1
__re_p1_s1_w1_c1_r0_l1_l,1018,123,1032,165,14,42,1,1,1,1,0,1,l,1025,144,1
__re_p1_s1_w1_c2_r0_l1_a,1033,123,1059,165,26,42,1,1,1,2,0,1,a,1046,144,1
__re_p1_s1_w1_c1_r0_l1_a,1060,123,1086,165,26,42,1,1,1,1,0,1,a,1073,144,1
__re_p1_s1_w1_c2_r0_l1_t,1086,123,1096,165,10,42,1,1,1,2,0,1,t,1091,144,1
__re_p1_s1_w1_c3_r0_l1_m,1096,123,1125,165,29,42,1,1,1,3,0,1,m,1110.5,144,1
__re_p1_s1_w1_c4_r0_l1_o,1126,123,1146,165,20,42,1,1,1,4,0,1,o,1136,144,1
__re_p1_s1_w1_c5_r0_l1_s,1146,123,1164,165,18,42,1,1,1,5,0,1,s,1155,144,1
__re_p1_s1_w1_c6_r0_l1_f,1164,123,1174,165,10,42,1,1,1,6,0,1,f,1169,144,1
__re_p1_s1_w1_c7_r0_l1_é,1174,123,1194,165,20,42,1,1,1,7,0,1,é,1184,144,1
__re_p1_s1_w1_c8_r0_l1_r,1195,123,1206,165,11,42,1,1,1,8,0,1,r,1200.5,144,1
__re_p1_s1_w1_c9_r0_l1_i,1206,123,1213,165,7,42,1,1,1,9,0,1,i,1209.5,144,1
__re_p1_s1_w1_c10_r0_l1_c,1214,123,1232,165,18,42,1,1,1,10,0,1,c,1223,144,1
__re_p1_s1_w1_c11_r0_l1_a,1232,123,1252,165,20,42,1,1,1,11,0,1,a,1242,144,1
__re_p1_s1_w1_c12_r0_l1_.,1253,123,1269,165,16,42,1,1,1,12,0,1,.,1261,144,1
__re_p1_s1_w1_c1_r0_l1_D,1270,123,1301,165,31,42,1,1,1,1,0,1,D,1285.5,144,1
__re_p1_s1_w1_c2_r0_l1_e,1302,123,1322,165,20,42,1,1,1,2,0,1,e,1312,144,1
__re_p1_s1_w1_c3_r0_l1_s,1322,123,1340,165,18,42,1,1,1,3,0,1,s,1331,144,1
__re_p1_s1_w1_c4_r0_l1_t,1340,123,1350,165,10,42,1,1,1,4,0,1,t,1345,144,1
__re_p1_s1_w1_c5_r0_l1_a,1350,123,1370,165,20,42,1,1,1,5,0,1,a,1360,144,1
__re_p1_s1_w1_c6_r0_l1_c,1370,123,1388,165,18,42,1,1,1,6,0,1,c,1379,144,1
__re_p1_s1_w1_c7_r0_l1_a,1388,123,1408,165,20,42,1,1,1,7,0,1,a,1398,144,1
__re_p1_s1_w1_c8_r0_l1_n,1409,123,1429,165,20,42,1,1,1,8,0,1,n,1419,144,1
"__re_p1_s1_w1_c9_r0_l1_,",1429,123,1445,165,16,42,1,1,1,9,0,1,",",1437,144,1
__re_p1_s1_w1_c1_r0_l1_p,1446,123,1472,165,26,42,1,1,1,1,0,1,p,1459,144,1
__re_p1_s1_w1_c2_r0_l1_o,1472,123,1492,165,20,42,1,1,1,2,0,1,o,1482,144,1
__re_p1_s1_w1_c3_r0_l1_r,1493,123,1511,165,18,42,1,1,1,3,0,1,r,1502,144,1
__re_p1_s1_w1_c1_r0_l1_e,1511,123,1538,165,27,42,1,1,1,1,0,1,e,1524.5,144,1
__re_p1_s1_w1_c2_r0_l1_j,1538,123,1545,165,7,42,1,1,1,2,0,1,j,1541.5,144,1
__re_p1_s1_w1_c3_r0_l1_e,1546,123,1566,165,20,42,1,1,1,3,0,1,e,1556,144,1
__re_p1_s1_w1_c4_r0_l1_m,1566,123,1595,165,29,42,1,1,1,4,0,1,m,1580.5,144,1
__re_p1_s1_w1_c5_r0_l1_p,1596,123,1616,165,20,42,1,1,1,5,0,1,p,1606,144,1
__re_p1_s1_w1_c6_r0_l1_l,1616,123,1623,165,7,42,1,1,1,6,0,1,l,1619.5,144,1
__re_p1_s1_w1_c7_r0_l1_o,1624,123,1644,165,20,42,1,1,1,7,0,1,o,1634,144,1
"__re_p1_s1_w1_c8_r0_l1_,",1644,123,1660,165,16,42,1,1,1,8,0,1,",",1652,144,1
__re_p1_s1_w1_c1_r0_l2_l,260,165,272,206,12,41,1,1,1,1,0,2,l,266,185.5,1
__re_p1_s1_w1_c2_r0_l2_a,272,165,292,206,20,41,1,1,1,2,0,2,a,282,185.5,1
__re_p1_s1_w1_c3_r0_l2_s,293,165,316,206,23,41,1,1,1,3,0,2,s,304.5,185.5,1
__re_p1_s1_w1_c1_r0_l2_i,316,165,328,206,12,41,1,1,1,1,0,2,i,322,185.5,1
__re_p1_s1_w1_c2_r0_l2_d,329,165,349,206,20,41,1,1,1,2,0,2,d,339,185.5,1
__re_p1_s1_w1_c3_r0_l2_e,349,165,369,206,20,41,1,1,1,3,0,2,e,359,185.5,1
__re_p1_s1_w1_c4_r0_l2_a,369,165,389,206,20,41,1,1,1,4,0,2,a,379,185.5,1
__re_p1_s1_w1_c5_r0_l2_s,389,165,412,206,23,41,1,1,1,5,0,2,s,400.5,185.5,1
__re_p1_s1_w1_c1_r0_l2_d,413,165,438,206,25,41,1,1,1,1,0,2,d,425.5,185.5,1
__re_p1_s1_w1_c2_r0_l2_e,438,165,458,206,20,41,1,1,1,2,0,2,e,448,185.5,1
__re_p1_s1_w1_c3_r0_l2_l,458,165,470,206,12,41,1,1,1,3,0,2,l,464,185.5,1
__re_p1_s1_w1_c1_r0_l2_c,471,165,494,206,23,41,1,1,1,1,0,2,c,482.5,185.5,1
__re_p1_s1_w1_c2_r0_l2_o,494,165,514,206,20,41,1,1,1,2,0,2,o,504,185.5,1
__re_p1_s1_w1_c3_r0_l2_r,514,165,525,206,11,41,1,1,1,3,0,2,r,519.5,185.5,1
__re_p1_s1_w1_c4_r0_l2_d,526,165,546,206,20,41,1,1,1,4,0,2,d,536,185.5,1
__re_p1_s1_w1_c5_r0_l2_o,546,165,566,206,20,41,1,1,1,5,0,2,o,556,185.5,1
__re_p1_s1_w1_c6_r0_l2_b,566,165,586,206,20,41,1,1,1,6,0,2,b,576,185.5,1
__re_p1_s1_w1_c7_r0_l2_é,586,165,606,206,20,41,1,1,1,7,0,2,é,596,185.5,1
__re_p1_s1_w1_c8_r0_l2_s,607,165,630,206,23,41,1,1,1,8,0,2,s,618.5,185.5,1
__re_p1_s1_w1_c1_r0_l2_S,630,165,659,206,29,41,1,1,1,1,0,2,S,644.5,185.5,1
__re_p1_s1_w1_c2_r0_l2_é,659,165,679,206,20,41,1,1,1,2,0,2,é,669,185.5,1
__re_p1_s1_w1_c3_r0_l2_n,679,165,699,206,20,41,1,1,1,3,0,2,n,689,185.5,1
__re_p1_s1_w1_c4_r0_l2_e,699,165,719,206,20,41,1,1,1,4,0,2,e,709,185.5,1
__re_p1_s1_w1_c5_r0_l2_c,719,165,737,206,18,41,1,1,1,5,0,2,c,728,185.5,1
__re_p1_s1_w1_c6_r0_l2_a,737,165,762,206,25,41,1,1,1,6,0,2,a,749.5,185.5,1
__re_p1_s1_w1_c1_r0_l2_(,763,165,779,206,16,41,1,1,1,1,0,2,(,771,185.5,1
__re_p1_s1_w1_c2_r0_l2_4,780,165,805,206,25,41,1,1,1,2,0,2,4,792.5,185.5,1
__re_p1_s1_w1_c1_r0_l2_a,805,165,830,206,25,41,1,1,1,1,0,2,a,817.5,185.5,1
__re_p1_s1_w1_c2_r0_l2_.,830,165,840,206,10,41,1,1,1,2,0,2,.,835,185.5,1
__re_p1_s1_w1_c3_r0_l2_C,840,165,865,206,25,41,1,1,1,3,0,2,C,852.5,185.5,1
__re_p1_s1_w1_c4_r0_l2_.,866,165,876,206,10,41,1,1,1,4,0,2,.,871,185.5,1
__re_p1_s1_w1_c5_r0_l2_-,876,165,887,206,11,41,1,1,1,5,0,2,-,881.5,185.5,1
__re_p1_s1_w1_c6_r0_l2_6,888,165,908,206,20,41,1,1,1,6,0,2,6,898,185.5,1
__re_p1_s1_w1_c7_r0_l2_5,908,165,928,206,20,41,1,1,1,7,0,2,5,918,185.5,1
__re_p1_s1_w1_c8_r0_l2_),928,165,939,206,11,41,1,1,1,8,0,2,),933.5,185.5,1
"__re_p1_s1_w1_c9_r0_l2_,",940,165,955,206,15,41,1,1,1,9,0,2,",",947.5,185.5,1
__re_p1_s1_w1_c1_r0_l2_q,956,165,981,206,25,41,1,1,1,1,0,2,q,968.5,185.5,1
__re_p1_s1_w1_c2_r0_l2_u,981,165,1001,206,20,41,1,1,1,2,0,2,u,991,185.5,1
__re_p1_s1_w1_c3_r0_l2_i,1001,165,1008,206,7,41,1,1,1,3,0,2,i,1004.5,185.5,1
__re_p1_s1_w1_c4_r0_l2_e,1009,165,1029,206,20,41,1,1,1,4,0,2,e,1019,185.5,1
__re_p1_s1_w1_c5_r0_l2_n,1029,165,1049,206,20,41,1,1,1,5,0,2,n,1039,185.5,1
"__re_p1_s1_w1_c6_r0_l2_,",1049,165,1064,206,15,41,1,1,1,6,0,2,",",1056.5,185.5,1
__re_p1_s1_w1_c1_r0_l2_e,1065,165,1090,206,25,41,1,1,1,1,0,2,e,1077.5,185.5,1
__re_p1_s1_w1_c2_r0_l2_n,1090,165,1115,206,25,41,1,1,1,2,0,2,n,1102.5,185.5,1
__re_p1_s1_w1_c1_r0_l2_s,1115,165,1138,206,23,41,1,1,1,1,0,2,s,1126.5,185.5,1
__re_p1_s1_w1_c2_r0_l2_u,1138,165,1158,206,20,41,1,1,1,2,0,2,u,1148,185.5,1
__re_p1_s1_w1_c3_r0_l2_s,1158,165,1181,206,23,41,1,1,1,3,0,2,s,1169.5,185.5,1
__re_p1_s1_w1_c1_r0_l2_C,1182,165,1212,206,30,41,1,1,1,1,0,2,C,1197,185.5,1
__re_p1_s1_w1_c2_r0_l2_u,1213,165,1233,206,20,41,1,1,1,2,0,2,u,1223,185.5,1
__re_p1_s1_w1_c3_r0_l2_e,1233,165,1253,206,20,41,1,1,1,3,0,2,e,1243,185.5,1
__re_p1_s1_w1_c4_r0_l2_s,1253,165,1271,206,18,41,1,1,1,4,0,2,s,1262,185.5,1
__re_p1_s1_w1_c5_r0_l2_t,1271,165,1281,206,10,41,1,1,1,5,0,2,t,1276,185.5,1
__re_p1_s1_w1_c6_r0_l2_i,1281,165,1288,206,7,41,1,1,1,6,0,2,i,1284.5,185.5,1
__re_p1_s1_w1_c7_r0_l2_o,1289,165,1309,206,20,41,1,1,1,7,0,2,o,1299,185.5,1
__re_p1_s1_w1_c8_r0_l2_n,1309,165,1329,206,20,41,1,1,1,8,0,2,n,1319,185.5,1
__re_p1_s1_w1_c9_r0_l2_e,1329,165,1349,206,20,41,1,1,1,9,0,2,e,1339,185.5,1
__re_p1_s1_w1_c10_r0_l2_s,1349,165,1372,206,23,41,1,1,1,10,0,2,s,1360.5,185.5,1
__re_p1_s1_w1_c1_r0_l2_n,1373,165,1398,206,25,41,1,1,1,1,0,2,n,1385.5,185.5,1
__re_p1_s1_w1_c2_r0_l2_a,1398,165,1418,206,20,41,1,1,1,2,0,2,a,1408,185.5,1
__re_p1_s1_w1_c3_r0_l2_t,1418,165,1428,206,10,41,1,1,1,3,0,2,t,1423,185.5,1
__re_p1_s1_w1_c4_r0_l2_u,1428,165,1448,206,20,41,1,1,1,4,0,2,u,1438,185.5,1
__re_p1_s1_w1_c5_r0_l2_r,1448,165,1459,206,11,41,1,1,1,5,0,2,r,1453.5,185.5,1
__re_p1_s1_w1_c6_r0_l2_a,1460,165,1480,206,20,41,1,1,1,6,0,2,a,1470,185.5,1
__re_p1_s1_w1_c7_r0_l2_l,1480,165,1487,206,7,41,1,1,1,7,0,2,l,1483.5,185.5,1
__re_p1_s1_w1_c8_r0_l2_e,1488,165,1508,206,20,41,1,1,1,8,0,2,e,1498,185.5,1
__re_p1_s1_w1_c9_r0_l2_s,1508,165,1526,206,18,41,1,1,1,9,0,2,s,1517,185.5,1
"__re_p1_s1_w1_c10_r0_l2_,",1526,165,1541,206,15,41,1,1,1,10,0,2,",",1533.5,185.5,1
__re_p1_s1_w1_c1_r0_l2_d,1541,165,1566,206,25,41,1,1,1,1,0,2,d,1553.5,185.5,1
__re_p1_s1_w1_c2_r0_l2_e,1566,165,1586,206,20,41,1,1,1,2,0,2,e,1576,185.5,1
__re_p1_s1_w1_c3_r0_l2_f,1586,165,1596,206,10,41,1,1,1,3,0,2,f,1591,185.5,1
__re_p1_s1_w1_c4_r0_l2_i,1596,165,1603,206,7,41,1,1,1,4,0,2,i,1599.5,185.5,1
__re_p1_s1_w1_c5_r0_l2_n,1604,165,1624,206,20,41,1,1,1,5,0,2,n,1614,185.5,1
__re_p1_s1_w1_c6_r0_l2_í,1624,165,1634,206,10,41,1,1,1,6,0,2,í,1629,185.5,1
__re_p1_s1_w1_c7_r0_l2_a,1634,165,1660,206,26,41,1,1,1,7,0,2,a,1647,185.5,1
__re_p1_s1_w1_c1_r0_l2_l,260,206,272,247,12,41,1,1,1,1,0,2,l,266,226.5,1
__re_p1_s1_w1_c2_r0_l2_o,272,206,292,247,20,41,1,1,1,2,0,2,o,282,226.5,1
__re_p1_s1_w1_c3_r0_l2_s,293,206,317,247,24,41,1,1,1,3,0,2,s,305,226.5,1
__re_p1_s1_w1_c1_r0_l2_c,317,206,341,247,24,41,1,1,1,1,0,2,c,329,226.5,1
__re_p1_s1_w1_c2_r0_l2_o,341,206,361,247,20,41,1,1,1,2,0,2,o,351,226.5,1
__re_p1_s1_w1_c3_r0_l2_m,361,206,390,247,29,41,1,1,1,3,0,2,m,375.5,226.5,1
__re_p1_s1_w1_c4_r0_l2_e,391,206,411,247,20,41,1,1,1,4,0,2,e,401,226.5,1
__re_p1_s1_w1_c5_r0_l2_t,411,206,421,247,10,41,1,1,1,5,0,2,t,416,226.5,1
__re_p1_s1_w1_c6_r0_l2_a,421,206,441,247,20,41,1,1,1,6,0,2,a,431,226.5,1
__re_p1_s1_w1_c7_r0_l2_s,441,206,465,247,24,41,1,1,1,7,0,2,s,453,226.5,1
__re_p1_s1_w1_c1_r0_l2_c,465,206,489,247,24,41,1,1,1,1,0,2,c,477,226.5,1
__re_p1_s1_w1_c2_r0_l2_o,489,206,509,247,20,41,1,1,1,2,0,2,o,499,226.5,1
__re_p1_s1_w1_c3_r0_l2_m,509,206,538,247,29,41,1,1,1,3,0,2,m,523.5,226.5,1
__re_p1_s1_w1_c4_r0_l2_o,539,206,565,247,26,41,1,1,1,4,0,2,o,552,226.5,1
__re_p1_s1_w1_c1_r0_l2_c,565,206,589,247,24,41,1,1,1,1,0,2,c,577,226.5,1
__re_p1_s1_w1_c2_r0_l2_u,589,206,609,247,20,41,1,1,1,2,0,2,u,599,226.5,1
__re_p1_s1_w1_c3_r0_l2_e,609,206,629,247,20,41,1,1,1,3,0,2,e,619,226.5,1
__re_p1_s1_w1_c4_r0_l2_r,629,206,640,247,11,41,1,1,1,4,0,2,r,634.5,226.5,1
__re_p1_s1_w1_c5_r0_l2_p,641,206,661,247,20,41,1,1,1,5,0,2,p,651,226.5,1
__re_p1_s1_w1_c6_r0_l2_o,661,206,681,247,20,41,1,1,1,6,0,2,o,671,226.5,1
__re_p1_s1_w1_c7_r0_l2_s,682,206,706,247,24,41,1,1,1,7,0,2,s,694,226.5,1
__re_p1_s1_w1_c1_r0_l2_c,706,206,730,247,24,41,1,1,1,1,0,2,c,718,226.5,1
__re_p1_s1_w1_c2_r0_l2_e,730,206,750,247,20,41,1,1,1,2,0,2,e,740,226.5,1
__re_p1_s1_w1_c3_r0_l2_l,750,206,757,247,7,41,1,1,1,3,0,2,l,753.5,226.5,1
__re_p1_s1_w1_c4_r0_l2_e,758,206,778,247,20,41,1,1,1,4,0,2,e,768,226.5,1
__re_p1_s1_w1_c5_r0_l2_s,778,206,796,247,18,41,1,1,1,5,0,2,s,787,226.5,1
__re_p1_s1_w1_c6_r0_l2_t,796,206,806,247,10,41,1,1,1,6,0,2,t,801,226.5,1
__re_p1_s1_w1_c7_r0_l2_e,806,206,826,247,20,41,1,1,1,7,0,2,e,816,226.5,1
__re_p1_s1_w1_c8_r0_l2_s,826,206,850,247,24,41,1,1,1,8,0,2,s,838,226.5,1
__re_p1_s1_w1_c1_r0_l2_c,850,206,874,247,24,41,1,1,1,1,0,2,c,862,226.5,1
__re_p1_s1_w1_c2_r0_l2_o,874,206,894,247,20,41,1,1,1,2,0,2,o,884,226.5,1
__re_p1_s1_w1_c3_r0_l2_n,894,206,920,247,26,41,1,1,1,3,0,2,n,907,226.5,1
__re_p1_s1_w1_c1_r0_l2_c,920,206,944,247,24,41,1,1,1,1,0,2,c,932,226.5,1
__re_p1_s1_w1_c2_r0_l2_a,944,206,964,247,20,41,1,1,1,2,0,2,a,954,226.5,1
__re_p1_s1_w1_c3_r0_l2_m,964,206,993,247,29,41,1,1,1,3,0,2,m,978.5,226.5,1
__re_p1_s1_w1_c4_r0_l2_i,994,206,1001,247,7,41,1,1,1,4,0,2,i,997.5,226.5,1
__re_p1_s1_w1_c5_r0_l2_n,1002,206,1022,247,20,41,1,1,1,5,0,2,n,1012,226.5,1
__re_p1_s1_w1_c6_r0_l2_o,1022,206,1042,247,20,41,1,1,1,6,0,2,o,1032,226.5,1
__re_p1_s1_w1_c7_r0_l2_s,1043,206,1067,247,24,41,1,1,1,7,0,2,s,1055,226.5,1
__re_p1_s1_w1_c1_r0_l2_c,1067,206,1091,247,24,41,1,1,1,1,0,2,c,1079,226.5,1
__re_p1_s1_w1_c2_r0_l2_u,1091,206,1111,247,20,41,1,1,1,2,0,2,u,1101,226.5,1
__re_p1_s1_w1_c3_r0_l2_r,1111,206,1122,247,11,41,1,1,1,3,0,2,r,1116.5,226.5,1
__re_p1_s1_w1_c4_r0_l2_v,1123,206,1141,247,18,41,1,1,1,4,0,2,v,1132,226.5,1
__re_p1_s1_w1_c5_r0_l2_a,1141,206,1161,247,20,41,1,1,1,5,0,2,a,1151,226.5,1
__re_p1_s1_w1_c6_r0_l2_d,1161,206,1181,247,20,41,1,1,1,6,0,2,d,1171,226.5,1
__re_p1_s1_w1_c7_r0_l2_o,1181,206,1201,247,20,41,1,1,1,7,0,2,o,1191,226.5,1
__re_p1_s1_w1_c8_r0_l2_s,1201,206,1225,247,24,41,1,1,1,8,0,2,s,1213,226.5,1
__re_p1_s1_w1_c1_r0_l2_e,1225,206,1251,247,26,41,1,1,1,1,0,2,e,1238,226.5,1
__re_p1_s1_w1_c2_r0_l2_n,1251,206,1277,247,26,41,1,1,1,2,0,2,n,1264,226.5,1
__re_p1_s1_w1_c1_r0_l2_e,1277,206,1303,247,26,41,1,1,1,1,0,2,e,1290,226.5,1
__re_p1_s1_w1_c2_r0_l2_l,1303,206,1317,247,14,41,1,1,1,2,0,2,l,1310,226.5,1
__re_p1_s1_w1_c1_r0_l2_c,1317,206,1342,247,25,41,1,1,1,1,0,2,c,1329.5,226.5,1
__re_p1_s1_w1_c2_r0_l2_i,1342,206,1349,247,7,41,1,1,1,2,0,2,i,1345.5,226.5,1
__re_p1_s1_w1_c3_r0_l2_e,1350,206,1370,247,20,41,1,1,1,3,0,2,e,1360,226.5,1
__re_p1_s1_w1_c4_r0_l2_l,1370,206,1377,247,7,41,1,1,1,4,0,2,l,1373.5,226.5,1
__re_p1_s1_w1_c5_r0_l2_o,1378,206,1398,247,20,41,1,1,1,5,0,2,o,1388,226.5,1
__re_p1_s1_w1_c6_r0_l2_.,1398,206,1414,247,16,41,1,1,1,6,0,2,.,1406,226.5,1
__re_p1_s1_w1_c1_r0_l2_E,1414,206,1444,247,30,41,1,1,1,1,0,2,E,1429,226.5,1
__re_p1_s1_w1_c2_r0_l2_s,1444,206,1462,247,18,41,1,1,1,2,0,2,s,1453,226.5,1
__re_p1_s1_w1_c3_r0_l2_t,1462,206,1472,247,10,41,1,1,1,3,0,2,t,1467,226.5,1
__re_p1_s1_w1_c4_r0_l2_e,1472,206,1498,247,26,41,1,1,1,4,0,2,e,1485,226.5,1
__re_p1_s1_w1_c1_r0_l2_p,1498,206,1524,247,26,41,1,1,1,1,0,2,p,1511,226.5,1
__re_p1_s1_w1_c2_r0_l2_e,1524,206,1544,247,20,41,1,1,1,2,0,2,e,1534,226.5,1
__re_p1_s1_w1_c3_r0_l2_n,1544,206,1564,247,20,41,1,1,1,3,0,2,n,1554,226.5,1
__re_p1_s1_w1_c4_r0_l2_s,1564,206,1582,247,18,41,1,1,1,4,0,2,s,1573,226.5,1
__re_p1_s1_w1_c5_r0_l2_a,1582,206,1602,247,20,41,1,1,1,5,0,2,a,1592,226.5,1
__re_p1_s1_w1_c6_r0_l2_d,1602,206,1622,247,20,41,1,1,1,6,0,2,d,1612,226.5,1
__re_p1_s1_w1_c7_r0_l2_o,1622,206,1642,247,20,41,1,1,1,7,0,2,o,1632,226.5,1
__re_p1_s1_w1_c8_r0_l2_r,1643,206,1660,247,17,41,1,1,1,8,0,2,r,1651.5,226.5,1
__re_p1_s1_w1_c1_r0_l3_i,260,247,272,289,12,42,1,1,1,1,0,3,i,266,268,1
__re_p1_s1_w1_c2_r0_l3_n,272,247,292,289,20,42,1,1,1,2,0,3,n,282,268,1
__re_p1_s1_w1_c3_r0_l3_c,293,247,311,289,18,42,1,1,1,3,0,3,c,302,268,1
__re_p1_s1_w1_c4_r0_l3_l,311,247,318,289,7,42,1,1,1,4,0,3,l,314.5,268,1
__re_p1_s1_w1_c5_r0_l3_u,319,247,339,289,20,42,1,1,1,5,0,3,u,329,268,1
__re_p1_s1_w1_c6_r0_l3_s,339,247,357,289,18,42,1,1,1,6,0,3,s,348,268,1
__re_p1_s1_w1_c7_r0_l3_o,357,247,385,289,28,42,1,1,1,7,0,3,o,371,268,1
__re_p1_s1_w1_c1_r0_l3_a,385,247,413,289,28,42,1,1,1,1,0,3,a,399,268,1
__re_p1_s1_w1_c2_r0_l3_f,413,247,423,289,10,42,1,1,1,2,0,3,f,418,268,1
__re_p1_s1_w1_c3_r0_l3_i,423,247,430,289,7,42,1,1,1,3,0,3,i,426.5,268,1
__re_p1_s1_w1_c4_r0_l3_r,431,247,442,289,11,42,1,1,1,4,0,3,r,436.5,268,1
__re_p1_s1_w1_c5_r0_l3_m,443,247,472,289,29,42,1,1,1,5,0,3,m,457.5,268,1
__re_p1_s1_w1_c6_r0_l3_a,473,247,493,289,20,42,1,1,1,6,0,3,a,483,268,1
__re_p1_s1_w1_c7_r0_l3_b,493,247,513,289,20,42,1,1,1,7,0,3,b,503,268,1
__re_p1_s1_w1_c8_r0_l3_a,513,247,541,289,28,42,1,1,1,8,0,3,a,527,268,1
__re_p1_s1_w1_c1_r0_l3_q,542,247,570,289,28,42,1,1,1,1,0,3,q,556,268,1
__re_p1_s1_w1_c2_r0_l3_u,570,247,590,289,20,42,1,1,1,2,0,3,u,580,268,1
__re_p1_s1_w1_c3_r0_l3_e,590,247,610,289,20,42,1,1,1,3,0,3,e,600,268,1
"__re_p1_s1_w1_c4_r0_l3_,",610,247,628,289,18,42,1,1,1,4,0,3,",",619,268,1
__re_p1_s1_w1_c1_r0_l3_a,629,247,657,289,28,42,1,1,1,1,0,3,a,643,268,1
__re_p1_s1_w1_c2_r0_l3_l,657,247,673,289,16,42,1,1,1,2,0,3,l,665,268,1
__re_p1_s1_w1_c1_r0_l3_s,673,247,700,289,27,42,1,1,1,1,0,3,s,686.5,268,1
__re_p1_s1_w1_c2_r0_l3_e,700,247,720,289,20,42,1,1,1,2,0,3,e,710,268,1
__re_p1_s1_w1_c3_r0_l3_r,720,247,740,289,20,42,1,1,1,3,0,3,r,730,268,1
__re_p1_s1_w1_c1_r0_l3_a,740,247,769,289,29,42,1,1,1,1,0,3,a,754.5,268,1
__re_p1_s1_w1_c2_r0_l3_s,769,247,787,289,18,42,1,1,1,2,0,3,s,778,268,1
__re_p1_s1_w1_c3_r0_l3_t,787,247,797,289,10,42,1,1,1,3,0,3,t,792,268,1
__re_p1_s1_w1_c4_r0_l3_r,797,247,808,289,11,42,1,1,1,4,0,3,r,802.5,268,1
__re_p1_s1_w1_c5_r0_l3_o,809,247,829,289,20,42,1,1,1,5,0,3,o,819,268,1
__re_p1_s1_w1_c6_r0_l3_s,829,247,847,289,18,42,1,1,1,6,0,3,s,838,268,1
"__re_p1_s1_w1_c7_r0_l3_,",847,247,865,289,18,42,1,1,1,7,0,3,",",856,268,1
__re_p1_s1_w1_c1_r0_l3_l,866,247,881,289,15,42,1,1,1,1,0,3,l,873.5,268,1
__re_p1_s1_w1_c2_r0_l3_o,882,247,902,289,20,42,1,1,1,2,0,3,o,892,268,1
__re_p1_s1_w1_c3_r0_l3_s,902,247,928,289,26,42,1,1,1,3,0,3,s,915,268,1
__re_p1_s1_w1_c1_r0_l3_c,929,247,955,289,26,42,1,1,1,1,0,3,c,942,268,1
__re_p1_s1_w1_c2_r0_l3_o,955,247,975,289,20,42,1,1,1,2,0,3,o,965,268,1
__re_p1_s1_w1_c3_r0_l3_m,975,247,1004,289,29,42,1,1,1,3,0,3,m,989.5,268,1
__re_p1_s1_w1_c4_r0_l3_e,1005,247,1025,289,20,42,1,1,1,4,0,3,e,1015,268,1
__re_p1_s1_w1_c5_r0_l3_t,1025,247,1035,289,10,42,1,1,1,5,0,3,t,1030,268,1
__re_p1_s1_w1_c6_r0_l3_a,1035,247,1055,289,20,42,1,1,1,6,0,3,a,1045,268,1
__re_p1_s1_w1_c7_r0_l3_s,1055,247,1081,289,26,42,1,1,1,7,0,3,s,1068,268,1
__re_p1_s1_w1_c1_r0_l3_d,1082,247,1110,289,28,42,1,1,1,1,0,3,d,1096,268,1
__re_p1_s1_w1_c2_r0_l3_e,1110,247,1130,289,20,42,1,1,1,2,0,3,e,1120,268,1
__re_p1_s1_w1_c3_r0_l3_b,1130,247,1150,289,20,42,1,1,1,3,0,3,b,1140,268,1
__re_p1_s1_w1_c4_r0_l3_í,1150,247,1160,289,10,42,1,1,1,4,0,3,í,1155,268,1
__re_p1_s1_w1_c5_r0_l3_a,1160,247,1180,289,20,42,1,1,1,5,0,3,a,1170,268,1
__re_p1_s1_w1_c6_r0_l3_n,1180,247,1208,289,28,42,1,1,1,6,0,3,n,1194,268,1
__re_p1_s1_w1_c1_r0_l3_o,1209,247,1237,289,28,42,1,1,1,1,0,3,o,1223,268,1
__re_p1_s1_w1_c2_r0_l3_c,1237,247,1255,289,18,42,1,1,1,2,0,3,c,1246,268,1
__re_p1_s1_w1_c3_r0_l3_u,1255,247,1275,289,20,42,1,1,1,3,0,3,u,1265,268,1
__re_p1_s1_w1_c4_r0_l3_l,1275,247,1282,289,7,42,1,1,1,4,0,3,l,1278.5,268,1
__re_p1_s1_w1_c5_r0_l3_t,1283,247,1293,289,10,42,1,1,1,5,0,3,t,1288,268,1
__re_p1_s1_w1_c6_r0_l3_a,1293,247,1313,289,20,42,1,1,1,6,0,3,a,1303,268,1
__re_p1_s1_w1_c7_r0_l3_r,1313,247,1333,289,20,42,1,1,1,7,0,3,r,1323,268,1
__re_p1_s1_w1_c1_r0_l3_u,1333,247,1362,289,29,42,1,1,1,1,0,3,u,1347.5,268,1
__re_p1_s1_w1_c2_r0_l3_n,1362,247,1390,289,28,42,1,1,1,2,0,3,n,1376,268,1
__re_p1_s1_w1_c1_r0_l3_c,1391,247,1417,289,26,42,1,1,1,1,0,3,c,1404,268,1
__re_p1_s1_w1_c2_r0_l3_u,1417,247,1437,289,20,42,1,1,1,2,0,3,u,1427,268,1
__re_p1_s1_w1_c3_r0_l3_e,1437,247,1457,289,20,42,1,1,1,3,0,3,e,1447,268,1
__re_p1_s1_w1_c4_r0_l3_r,1457,247,1468,289,11,42,1,1,1,4,0,3,r,1462.5,268,1
__re_p1_s1_w1_c5_r0_l3_p,1469,247,1489,289,20,42,1,1,1,5,0,3,p,1479,268,1
__re_p1_s1_w1_c6_r0_l3_o,1489,247,1517,289,28,42,1,1,1,6,0,3,o,1503,268,1
__re_p1_s1_w1_c1_r0_l3_s,1518,247,1544,289,26,42,1,1,1,1,0,3,s,1531,268,1
__re_p1_s1_w1_c2_r0_l3_ó,1544,247,1564,289,20,42,1,1,1,2,0,3,ó,1554,268,1
__re_p1_s1_w1_c3_r0_l3_l,1564,247,1571,289,7,42,1,1,1,3,0,3,l,1567.5,268,1
__re_p1_s1_w1_c4_r0_l3_i,1572,247,1579,289,7,42,1,1,1,4,0,3,i,1575.5,268,1
__re_p1_s1_w1_c5_r0_l3_d,1580,247,1600,289,20,42,1,1,1,5,0,3,d,1590,268,1
__re_p1_s1_w1_c6_r0_l3_o,1600,247,1628,289,28,42,1,1,1,6,0,3,o,1614,268,1
__re_p1_s1_w1_c1_r0_l3_y,1629,247,1660,289,31,42,1,1,1,1,0,3,y,1644.5,268,1
__re_p1_s1_w1_c1_r0_l3_t,260,289,275,330,15,41,1,1,1,1,0,3,t,267.5,309.5,1
__re_p1_s1_w1_c2_r0_l3_e,275,289,295,330,20,41,1,1,1,2,0,3,e,285,309.5,1
__re_p1_s1_w1_c3_r0_l3_r,295,289,306,330,11,41,1,1,1,3,0,3,r,300.5,309.5,1
__re_p1_s1_w1_c4_r0_l3_r,307,289,318,330,11,41,1,1,1,4,0,3,r,312.5,309.5,1
__re_p1_s1_w1_c5_r0_l3_o,318,289,338,330,20,41,1,1,1,5,0,3,o,328,309.5,1
__re_p1_s1_w1_c6_r0_l3_s,339,289,357,330,18,41,1,1,1,6,0,3,s,348,309.5,1
__re_p1_s1_w1_c7_r0_l3_o,357,289,382,330,25,41,1,1,1,7,0,3,o,369.5,309.5,1
__re_p1_s1_w1_c1_r0_l3_q,383,289,408,330,25,41,1,1,1,1,0,3,q,395.5,309.5,1
__re_p1_s1_w1_c2_r0_l3_u,409,289,429,330,20,41,1,1,1,2,0,3,u,419,309.5,1
__re_p1_s1_w1_c3_r0_l3_e,429,289,455,330,26,41,1,1,1,3,0,3,e,442,309.5,1
__re_p1_s1_w1_c1_r0_l3_s,455,289,479,330,24,41,1,1,1,1,0,3,s,467,309.5,1
__re_p1_s1_w1_c2_r0_l3_e,479,289,499,330,20,41,1,1,1,2,0,3,e,489,309.5,1
__re_p1_s1_w1_c3_r0_l3_r,499,289,510,330,11,41,1,1,1,3,0,3,r,504.5,309.5,1
__re_p1_s1_w1_c4_r0_l3_í,511,289,521,330,10,41,1,1,1,4,0,3,í,516,309.5,1
__re_p1_s1_w1_c5_r0_l3_a,521,289,547,330,26,41,1,1,1,5,0,3,a,534,309.5,1
__re_p1_s1_w1_c1_r0_l3_e,547,289,573,330,26,41,1,1,1,1,0,3,e,560,309.5,1
__re_p1_s1_w1_c2_r0_l3_s,573,289,591,330,18,41,1,1,1,2,0,3,s,582,309.5,1
__re_p1_s1_w1_c3_r0_l3_f,591,289,601,330,10,41,1,1,1,3,0,3,f,596,309.5,1
__re_p1_s1_w1_c4_r0_l3_é,601,289,621,330,20,41,1,1,1,4,0,3,é,611,309.5,1
__re_p1_s1_w1_c5_r0_l3_r,621,289,632,330,11,41,1,1,1,5,0,3,r,626.5,309.5,1
__re_p1_s1_w1_c6_r0_l3_i,633,289,640,330,7,41,1,1,1,6,0,3,i,636.5,309.5,1
__re_p1_s1_w1_c7_r0_l3_c,641,289,659,330,18,41,1,1,1,7,0,3,c,650,309.5,1
__re_p1_s1_w1_c8_r0_l3_o,659,289,679,330,20,41,1,1,1,8,0,3,o,669,309.5,1
"__re_p1_s1_w1_c9_r0_l3_,",679,289,695,330,16,41,1,1,1,9,0,3,",",687,309.5,1
__re_p1_s1_w1_c1_r0_l3_s,695,289,719,330,24,41,1,1,1,1,0,3,s,707,309.5,1
__re_p1_s1_w1_c2_r0_l3_i,719,289,726,330,7,41,1,1,1,2,0,3,i,722.5,309.5,1
__re_p1_s1_w1_c3_r0_l3_e,727,289,747,330,20,41,1,1,1,3,0,3,e,737,309.5,1
__re_p1_s1_w1_c4_r0_l3_n,747,289,767,330,20,41,1,1,1,4,0,3,n,757,309.5,1
__re_p1_s1_w1_c5_r0_l3_d,767,289,787,330,20,41,1,1,1,5,0,3,d,777,309.5,1
__re_p1_s1_w1_c6_r0_l3_o,787,289,813,330,26,41,1,1,1,6,0,3,o,800,309.5,1
__re_p1_s1_w1_c1_r0_l3_s,813,289,837,330,24,41,1,1,1,1,0,3,s,825,309.5,1
__re_p1_s1_w1_c2_r0_l3_u,837,289,863,330,26,41,1,1,1,2,0,3,u,850,309.5,1
__re_p1_s1_w1_c1_r0_l3_b,863,289,889,330,26,41,1,1,1,1,0,3,b,876,309.5,1
__re_p1_s1_w1_c2_r0_l3_r,889,289,900,330,11,41,1,1,1,2,0,3,r,894.5,309.5,1
__re_p1_s1_w1_c3_r0_l3_i,901,289,908,330,7,41,1,1,1,3,0,3,i,904.5,309.5,1
__re_p1_s1_w1_c4_r0_l3_l,909,289,916,330,7,41,1,1,1,4,0,3,l,912.5,309.5,1
__re_p1_s1_w1_c5_r0_l3_l,917,289,924,330,7,41,1,1,1,5,0,3,l,920.5,309.5,1
__re_p1_s1_w1_c6_r0_l3_o,925,289,950,330,25,41,1,1,1,6,0,3,o,937.5,309.5,1
__re_p1_s1_w1_c1_r0_l3_l,951,289,963,330,12,41,1,1,1,1,0,3,l,957,309.5,1
__re_p1_s1_w1_c2_r0_l3_o,964,289,990,330,26,41,1,1,1,2,0,3,o,977,309.5,1
__re_p1_s1_w1_c1_r0_l3_q,990,289,1016,330,26,41,1,1,1,1,0,3,q,1003,309.5,1
__re_p1_s1_w1_c2_r0_l3_u,1016,289,1036,330,20,41,1,1,1,2,0,3,u,1026,309.5,1
__re_p1_s1_w1_c3_r0_l3_e,1037,289,1062,330,25,41,1,1,1,3,0,3,e,1049.5,309.5,1
__re_p1_s1_w1_c1_r0_l3_s,1063,289,1086,330,23,41,1,1,1,1,0,3,s,1074.5,309.5,1
__re_p1_s1_w1_c2_r0_l3_e,1086,289,1112,330,26,41,1,1,1,2,0,3,e,1099,309.5,1
__re_p1_s1_w1_c1_r0_l3_e,1112,289,1138,330,26,41,1,1,1,1,0,3,e,1125,309.5,1
__re_p1_s1_w1_c2_r0_l3_x,1138,289,1156,330,18,41,1,1,1,2,0,3,x,1147,309.5,1
__re_p1_s1_w1_c3_r0_l3_t,1156,289,1166,330,10,41,1,1,1,3,0,3,t,1161,309.5,1
__re_p1_s1_w1_c4_r0_l3_e,1166,289,1186,330,20,41,1,1,1,4,0,3,e,1176,309.5,1
__re_p1_s1_w1_c5_r0_l3_n,1187,289,1207,330,20,41,1,1,1,5,0,3,n,1197,309.5,1
__re_p1_s1_w1_c6_r0_l3_d,1207,289,1227,330,20,41,1,1,1,6,0,3,d,1217,309.5,1
__re_p1_s1_w1_c7_r0_l3_í,1227,289,1237,330,10,41,1,1,1,7,0,3,í,1232,309.5,1
__re_p1_s1_w1_c8_r0_l3_a,1237,289,1263,330,26,41,1,1,1,8,0,3,a,1250,309.5,1
__re_p1_s1_w1_c1_r0_l3_p,1263,289,1289,330,26,41,1,1,1,1,0,3,p,1276,309.5,1
__re_p1_s1_w1_c2_r0_l3_o,1289,289,1309,330,20,41,1,1,1,2,0,3,o,1299,309.5,1
__re_p1_s1_w1_c3_r0_l3_r,1309,289,1326,330,17,41,1,1,1,3,0,3,r,1317.5,309.5,1
__re_p1_s1_w1_c1_r0_l3_e,1327,289,1353,330,26,41,1,1,1,1,0,3,e,1340,309.5,1
__re_p1_s1_w1_c2_r0_l3_l,1353,289,1366,330,13,41,1,1,1,2,0,3,l,1359.5,309.5,1
__re_p1_s1_w1_c1_r0_l3_c,1366,289,1390,330,24,41,1,1,1,1,0,3,c,1378,309.5,1
__re_p1_s1_w1_c2_r0_l3_i,1390,289,1397,330,7,41,1,1,1,2,0,3,i,1393.5,309.5,1
__re_p1_s1_w1_c3_r0_l3_e,1398,289,1418,330,20,41,1,1,1,3,0,3,e,1408,309.5,1
__re_p1_s1_w1_c4_r0_l3_l,1418,289,1425,330,7,41,1,1,1,4,0,3,l,1421.5,309.5,1
__re_p1_s1_w1_c5_r0_l3_o,1426,289,1446,330,20,41,1,1,1,5,0,3,o,1436,309.5,1
__re_p1_s1_w1_c6_r0_l3_.,1447,289,1462,330,15,41,1,1,1,6,0,3,.,1454.5,309.5,1
__re_p1_s1_w1_c1_r0_l3_P,1463,289,1492,330,29,41,1,1,1,1,0,3,P,1477.5,309.5,1
__re_p1_s1_w1_c2_r0_l3_e,1492,289,1512,330,20,41,1,1,1,2,0,3,e,1502,309.5,1
__re_p1_s1_w1_c3_r0_l3_r,1513,289,1524,330,11,41,1,1,1,3,0,3,r,1518.5,309.5,1
__re_p1_s1_w1_c4_r0_l3_o,1524,289,1544,330,20,41,1,1,1,4,0,3,o,1534,309.5,1
"__re_p1_s1_w1_c5_r0_l3_,",1545,289,1560,330,15,41,1,1,1,5,0,3,",",1552.5,309.5,1
__re_p1_s1_w1_c1_r0_l3_c,1561,289,1584,330,23,41,1,1,1,1,0,3,c,1572.5,309.5,1
__re_p1_s1_w1_c2_r0_l3_o,1584,289,1604,330,20,41,1,1,1,2,0,3,o,1594,309.5,1
__re_p1_s1_w1_c3_r0_l3_m,1604,289,1633,330,29,41,1,1,1,3,0,3,m,1618.5,309.5,1
__re_p1_s1_w1_c4_r0_l3_o,1634,289,1660,330,26,41,1,1,1,4,0,3,o,1647,309.5,1
__re_p1_s1_w1_c1_r0_l4_d,260,330,285,372,25,42,1,1,1,1,0,4,d,272.5,351,1
__re_p1_s1_w1_c2_r0_l4_e,285,330,305,372,20,42,1,1,1,2,0,4,e,295,351,1
__re_p1_s1_w1_c3_r0_l4_c,305,330,323,372,18,42,1,1,1,3,0,4,c,314,351,1
__re_p1_s1_w1_c4_r0_l4_i,323,330,330,372,7,42,1,1,1,4,0,4,i,326.5,351,1
__re_p1_s1_w1_c5_r0_l4_m,331,330,360,372,29,42,1,1,1,5,0,4,m,345.5,351,1
__re_p1_s1_w1_c6_r0_l4_o,361,330,381,372,20,42,1,1,1,6,0,4,o,371,351,1
__re_p1_s1_w1_c7_r0_l4_s,381,330,399,372,18,42,1,1,1,7,0,4,s,390,351,1
"__re_p1_s1_w1_c8_r0_l4_,",399,330,417,372,18,42,1,1,1,8,0,4,",",408,351,1
__re_p1_s1_w1_c1_r0_l4_r,418,330,437,372,19,42,1,1,1,1,0,4,r,427.5,351,1
__re_p1_s1_w1_c2_r0_l4_e,438,330,458,372,20,42,1,1,1,2,0,4,e,448,351,1
__re_p1_s1_w1_c3_r0_l4_c,458,330,476,372,18,42,1,1,1,3,0,4,c,467,351,1
__re_p1_s1_w1_c4_r0_l4_h,476,330,496,372,20,42,1,1,1,4,0,4,h,486,351,1
__re_p1_s1_w1_c5_r0_l4_a,496,330,516,372,20,42,1,1,1,5,0,4,a,506,351,1
__re_p1_s1_w1_c6_r0_l4_z,516,330,534,372,18,42,1,1,1,6,0,4,z,525,351,1
__re_p1_s1_w1_c7_r0_l4_a,534,330,554,372,20,42,1,1,1,7,0,4,a,544,351,1
__re_p1_s1_w1_c8_r0_l4_n,554,330,574,372,20,42,1,1,1,8,0,4,n,564,351,1
__re_p1_s1_w1_c9_r0_l4_d,574,330,594,372,20,42,1,1,1,9,0,4,d,584,351,1
__re_p1_s1_w1_c10_r0_l4_o,594,330,623,372,29,42,1,1,1,10,0,4,o,608.5,351,1
__re_p1_s1_w1_c1_r0_l4_e,623,330,652,372,29,42,1,1,1,1,0,4,e,637.5,351,1
__re_p1_s1_w1_c2_r0_l4_l,652,330,668,372,16,42,1,1,1,2,0,4,l,660,351,1
__re_p1_s1_w1_c1_r0_l4_c,669,330,696,372,27,42,1,1,1,1,0,4,c,682.5,351,1
__re_p1_s1_w1_c2_r0_l4_a,696,330,716,372,20,42,1,1,1,2,0,4,a,706,351,1
__re_p1_s1_w1_c3_r0_l4_r,716,330,727,372,11,42,1,1,1,3,0,4,r,721.5,351,1
__re_p1_s1_w1_c4_r0_l4_á,728,330,748,372,20,42,1,1,1,4,0,4,á,738,351,1
__re_p1_s1_w1_c5_r0_l4_c,748,330,766,372,18,42,1,1,1,5,0,4,c,757,351,1
__re_p1_s1_w1_c6_r0_l4_t,766,330,776,372,10,42,1,1,1,6,0,4,t,771,351,1
__re_p1_s1_w1_c7_r0_l4_e,776,330,796,372,20,42,1,1,1,7,0,4,e,786,351,1
__re_p1_s1_w1_c8_r0_l4_r,796,330,816,372,20,42,1,1,1,8,0,4,r,806,351,1
__re_p1_s1_w1_c1_r0_l4_c,817,330,844,372,27,42,1,1,1,1,0,4,c,830.5,351,1
__re_p1_s1_w1_c2_r0_l4_e,844,330,864,372,20,42,1,1,1,2,0,4,e,854,351,1
__re_p1_s1_w1_c3_r0_l4_l,864,330,871,372,7,42,1,1,1,3,0,4,l,867.5,351,1
__re_p1_s1_w1_c4_r0_l4_e,872,330,892,372,20,42,1,1,1,4,0,4,e,882,351,1
__re_p1_s1_w1_c5_r0_l4_s,892,330,910,372,18,42,1,1,1,5,0,4,s,901,351,1
__re_p1_s1_w1_c6_r0_l4_t,910,330,920,372,10,42,1,1,1,6,0,4,t,915,351,1
__re_p1_s1_w1_c7_r0_l4_e,920,330,949,372,29,42,1,1,1,7,0,4,e,934.5,351,1
__re_p1_s1_w1_c1_r0_l4_q,949,330,978,372,29,42,1,1,1,1,0,4,q,963.5,351,1
__re_p1_s1_w1_c2_r0_l4_u,978,330,998,372,20,42,1,1,1,2,0,4,u,988,351,1
__re_p1_s1_w1_c3_r0_l4_e,998,330,1026,372,28,42,1,1,1,3,0,4,e,1012,351,1
__re_p1_s1_w1_c1_r0_l4_l,1027,330,1042,372,15,42,1,1,1,1,0,4,l,1034.5,351,1
__re_p1_s1_w1_c2_r0_l4_e,1043,330,1063,372,20,42,1,1,1,2,0,4,e,1053,351,1
__re_p1_s1_w1_c3_r0_l4_s,1063,330,1090,372,27,42,1,1,1,3,0,4,s,1076.5,351,1
__re_p1_s1_w1_c1_r0_l4_a,1090,330,1119,372,29,42,1,1,1,1,0,4,a,1104.5,351,1
__re_p1_s1_w1_c2_r0_l4_t,1119,330,1129,372,10,42,1,1,1,2,0,4,t,1124,351,1
__re_p1_s1_w1_c3_r0_l4_r,1129,330,1140,372,11,42,1,1,1,3,0,4,r,1134.5,351,1
__re_p1_s1_w1_c4_r0_l4_i,1141,330,1148,372,7,42,1,1,1,4,0,4,i,1144.5,351,1
__re_p1_s1_w1_c5_r0_l4_b,1149,330,1169,372,20,42,1,1,1,5,0,4,b,1159,351,1
__re_p1_s1_w1_c6_r0_l4_u,1169,330,1189,372,20,42,1,1,1,6,0,4,u,1179,351,1
__re_p1_s1_w1_c7_r0_l4_í,1189,330,1199,372,10,42,1,1,1,7,0,4,í,1194,351,1
__re_p1_s1_w1_c8_r0_l4_a,1199,330,1219,372,20,42,1,1,1,8,0,4,a,1209,351,1
__re_p1_s1_w1_c9_r0_l4_n,1219,330,1248,372,29,42,1,1,1,9,0,4,n,1233.5,351,1
__re_p1_s1_w1_c1_r0_l4_l,1248,330,1264,372,16,42,1,1,1,1,0,4,l,1256,351,1
__re_p1_s1_w1_c2_r0_l4_o,1265,330,1285,372,20,42,1,1,1,2,0,4,o,1275,351,1
__re_p1_s1_w1_c3_r0_l4_s,1285,330,1312,372,27,42,1,1,1,3,0,4,s,1298.5,351,1
__re_p1_s1_w1_c1_r0_l4_s,1312,330,1339,372,27,42,1,1,1,1,0,4,s,1325.5,351,1
__re_p1_s1_w1_c2_r0_l4_a,1339,330,1359,372,20,42,1,1,1,2,0,4,a,1349,351,1
__re_p1_s1_w1_c3_r0_l4_c,1359,330,1377,372,18,42,1,1,1,3,0,4,c,1368,351,1
__re_p1_s1_w1_c4_r0_l4_e,1377,330,1397,372,20,42,1,1,1,4,0,4,e,1387,351,1
__re_p1_s1_w1_c5_r0_l4_r,1397,330,1408,372,11,42,1,1,1,5,0,4,r,1402.5,351,1
__re_p1_s1_w1_c6_r0_l4_d,1409,330,1429,372,20,42,1,1,1,6,0,4,d,1419,351,1
__re_p1_s1_w1_c7_r0_l4_o,1429,330,1449,372,20,42,1,1,1,7,0,4,o,1439,351,1
__re_p1_s1_w1_c8_r0_l4_t,1449,330,1459,372,10,42,1,1,1,8,0,4,t,1454,351,1
__re_p1_s1_w1_c9_r0_l4_e,1459,330,1479,372,20,42,1,1,1,9,0,4,e,1469,351,1
__re_p1_s1_w1_c10_r0_l4_s,1479,330,1506,372,27,42,1,1,1,10,0,4,s,1492.5,351,1
__re_p1_s1_w1_c1_r0_l4_c,1506,330,1533,372,27,42,1,1,1,1,0,4,c,1519.5,351,1
__re_p1_s1_w1_c2_r0_l4_h,1533,330,1553,372,20,42,1,1,1,2,0,4,h,1543,351,1
__re_p1_s1_w1_c3_r0_l4_i,1553,330,1560,372,7,42,1,1,1,3,0,4,i,1556.5,351,1
__re_p1_s1_w1_c4_r0_l4_n,1561,330,1581,372,20,42,1,1,1,4,0,4,n,1571,351,1
__re_p1_s1_w1_c5_r0_l4_o,1581,330,1601,372,20,42,1,1,1,5,0,4,o,1591,351,1
__re_p1_s1_w1_c6_r0_l4_s,1601,330,1628,372,27,42,1,1,1,6,0,4,s,1614.5,351,1
__re_p1_s1_w1_c1_r0_l4_y,1628,330,1660,372,32,42,1,1,1,1,0,4,y,1644,351,1
__re_p1_s1_w1_c1_r0_l4_b,260,372,285,413,25,41,1,1,1,1,0,4,b,272.5,392.5,1
__re_p1_s1_w1_c2_r0_l4_a,285,372,305,413,20,41,1,1,1,2,0,4,a,295,392.5,1
__re_p1_s1_w1_c3_r0_l4_b,305,372,325,413,20,41,1,1,1,3,0,4,b,315,392.5,1
__re_p1_s1_w1_c4_r0_l4_i,325,372,332,413,7,41,1,1,1,4,0,4,i,328.5,392.5,1
__re_p1_s1_w1_c5_r0_l4_l,333,372,340,413,7,41,1,1,1,5,0,4,l,336.5,392.5,1
__re_p1_s1_w1_c6_r0_l4_ó,341,372,361,413,20,41,1,1,1,6,0,4,ó,351,392.5,1
__re_p1_s1_w1_c7_r0_l4_n,361,372,381,413,20,41,1,1,1,7,0,4,n,371,392.5,1
__re_p1_s1_w1_c8_r0_l4_i,381,372,388,413,7,41,1,1,1,8,0,4,i,384.5,392.5,1
__re_p1_s1_w1_c9_r0_l4_c,389,372,407,413,18,41,1,1,1,9,0,4,c,398,392.5,1
__re_p1_s1_w1_c10_r0_l4_o,407,372,427,413,20,41,1,1,1,10,0,4,o,417,392.5,1
__re_p1_s1_w1_c11_r0_l4_s,427,372,452,413,25,41,1,1,1,11,0,4,s,439.5,392.5,1
__re_p1_s1_w1_c1_r0_l4_e,452,372,486,413,34,41,1,1,1,1,0,4,e,469,392.5,1
__re_p1_s1_w1_c1_r0_l4_i,487,372,501,413,14,41,1,1,1,1,0,4,i,494,392.5,1
__re_p1_s1_w1_c2_r0_l4_n,502,372,522,413,20,41,1,1,1,2,0,4,n,512,392.5,1
__re_p1_s1_w1_c3_r0_l4_c,522,372,540,413,18,41,1,1,1,3,0,4,c,531,392.5,1
__re_p1_s1_w1_c4_r0_l4_l,540,372,547,413,7,41,1,1,1,4,0,4,l,543.5,392.5,1
__re_p1_s1_w1_c5_r0_l4_u,548,372,568,413,20,41,1,1,1,5,0,4,u,558,392.5,1
__re_p1_s1_w1_c6_r0_l4_s,568,372,586,413,18,41,1,1,1,6,0,4,s,577,392.5,1
__re_p1_s1_w1_c7_r0_l4_o,586,372,613,413,27,41,1,1,1,7,0,4,o,599.5,392.5,1
__re_p1_s1_w1_c1_r0_l4_c,614,372,639,413,25,41,1,1,1,1,0,4,c,626.5,392.5,1
__re_p1_s1_w1_c2_r0_l4_o,639,372,659,413,20,41,1,1,1,2,0,4,o,649,392.5,1
__re_p1_s1_w1_c3_r0_l4_n,659,372,679,413,20,41,1,1,1,3,0,4,n,669,392.5,1
__re_p1_s1_w1_c4_r0_l4_t,679,372,689,413,10,41,1,1,1,4,0,4,t,684,392.5,1
__re_p1_s1_w1_c5_r0_l4_e,689,372,709,413,20,41,1,1,1,5,0,4,e,699,392.5,1
__re_p1_s1_w1_c6_r0_l4_m,709,372,738,413,29,41,1,1,1,6,0,4,m,723.5,392.5,1
__re_p1_s1_w1_c7_r0_l4_p,739,372,759,413,20,41,1,1,1,7,0,4,p,749,392.5,1
__re_p1_s1_w1_c8_r0_l4_o,759,372,779,413,20,41,1,1,1,8,0,4,o,769,392.5,1
__re_p1_s1_w1_c9_r0_l4_r,779,372,790,413,11,41,1,1,1,9,0,4,r,784.5,392.5,1
__re_p1_s1_w1_c10_r0_l4_á,791,372,811,413,20,41,1,1,1,10,0,4,á,801,392.5,1
__re_p1_s1_w1_c11_r0_l4_n,811,372,831,413,20,41,1,1,1,11,0,4,n,821,392.5,1
__re_p1_s1_w1_c12_r0_l4_e,831,372,851,413,20,41,1,1,1,12,0,4,e,841,392.5,1
__re_p1_s1_w1_c13_r0_l4_o,851,372,871,413,20,41,1,1,1,13,0,4,o,861,392.5,1
__re_p1_s1_w1_c14_r0_l4_s,871,372,896,413,25,41,1,1,1,14,0,4,s,883.5,392.5,1
__re_p1_s1_w1_c1_r0_l4_d,897,372,924,413,27,41,1,1,1,1,0,4,d,910.5,392.5,1
__re_p1_s1_w1_c2_r0_l4_e,924,372,950,413,26,41,1,1,1,2,0,4,e,937,392.5,1
__re_p1_s1_w1_c1_r0_l4_A,951,372,981,413,30,41,1,1,1,1,0,4,A,966,392.5,1
__re_p1_s1_w1_c2_r0_l4_r,981,372,992,413,11,41,1,1,1,2,0,4,r,986.5,392.5,1
__re_p1_s1_w1_c3_r0_l4_i,993,372,1000,413,7,41,1,1,1,3,0,4,i,996.5,392.5,1
__re_p1_s1_w1_c4_r0_l4_s,1001,372,1019,413,18,41,1,1,1,4,0,4,s,1010,392.5,1
__re_p1_s1_w1_c5_r0_l4_t,1019,372,1029,413,10,41,1,1,1,5,0,4,t,1024,392.5,1
__re_p1_s1_w1_c6_r0_l4_ó,1029,372,1049,413,20,41,1,1,1,6,0,4,ó,1039,392.5,1
__re_p1_s1_w1_c7_r0_l4_t,1049,372,1059,413,10,41,1,1,1,7,0,4,t,1054,392.5,1
__re_p1_s1_w1_c8_r0_l4_e,1059,372,1079,413,20,41,1,1,1,8,0,4,e,1069,392.5,1
__re_p1_s1_w1_c9_r0_l4_l,1079,372,1086,413,7,41,1,1,1,9,0,4,l,1082.5,392.5,1
__re_p1_s1_w1_c10_r0_l4_e,1087,372,1107,413,20,41,1,1,1,10,0,4,e,1097,392.5,1
__re_p1_s1_w1_c11_r0_l4_s,1107,372,1125,413,18,41,1,1,1,11,0,4,s,1116,392.5,1
"__re_p1_s1_w1_c12_r0_l4_,",1125,372,1142,413,17,41,1,1,1,12,0,4,",",1133.5,392.5,1
__re_p1_s1_w1_c1_r0_l4_n,1142,372,1169,413,27,41,1,1,1,1,0,4,n,1155.5,392.5,1
__re_p1_s1_w1_c2_r0_l4_u,1169,372,1189,413,20,41,1,1,1,2,0,4,u,1179,392.5,1
__re_p1_s1_w1_c3_r0_l4_e,1189,372,1209,413,20,41,1,1,1,3,0,4,e,1199,392.5,1
__re_p1_s1_w1_c4_r0_l4_s,1209,372,1227,413,18,41,1,1,1,4,0,4,s,1218,392.5,1
__re_p1_s1_w1_c5_r0_l4_t,1227,372,1237,413,10,41,1,1,1,5,0,4,t,1232,392.5,1
__re_p1_s1_w1_c6_r0_l4_r,1237,372,1248,413,11,41,1,1,1,6,0,4,r,1242.5,392.5,1
__re_p1_s1_w1_c7_r0_l4_a,1249,372,1276,413,27,41,1,1,1,7,0,4,a,1262.5,392.5,1
__re_p1_s1_w1_c1_r0_l4_c,1277,372,1302,413,25,41,1,1,1,1,0,4,c,1289.5,392.5,1
__re_p1_s1_w1_c2_r0_l4_u,1302,372,1322,413,20,41,1,1,1,2,0,4,u,1312,392.5,1
__re_p1_s1_w1_c3_r0_l4_l,1322,372,1329,413,7,41,1,1,1,3,0,4,l,1325.5,392.5,1
__re_p1_s1_w1_c4_r0_l4_t,1330,372,1340,413,10,41,1,1,1,4,0,4,t,1335,392.5,1
__re_p1_s1_w1_c5_r0_l4_u,1340,372,1360,413,20,41,1,1,1,5,0,4,u,1350,392.5,1
__re_p1_s1_w1_c6_r0_l4_r,1360,372,1371,413,11,41,1,1,1,6,0,4,r,1365.5,392.5,1
__re_p1_s1_w1_c7_r0_l4_a,1372,372,1399,413,27,41,1,1,1,7,0,4,a,1385.5,392.5,1
__re_p1_s1_w1_c1_r0_l4_h,1400,372,1427,413,27,41,1,1,1,1,0,4,h,1413.5,392.5,1
__re_p1_s1_w1_c2_r0_l4_e,1427,372,1447,413,20,41,1,1,1,2,0,4,e,1437,392.5,1
__re_p1_s1_w1_c3_r0_l4_r,1447,372,1458,413,11,41,1,1,1,3,0,4,r,1452.5,392.5,1
__re_p1_s1_w1_c4_r0_l4_e,1459,372,1479,413,20,41,1,1,1,4,0,4,e,1469,392.5,1
__re_p1_s1_w1_c5_r0_l4_d,1479,372,1499,413,20,41,1,1,1,5,0,4,d,1489,392.5,1
__re_p1_s1_w1_c6_r0_l4_ó,1499,372,1526,413,27,41,1,1,1,6,0,4,ó,1512.5,392.5,1
__re_p1_s1_w1_c1_r0_l4_q,1527,372,1554,413,27,41,1,1,1,1,0,4,q,1540.5,392.5,1
__re_p1_s1_w1_c2_r0_l4_u,1554,372,1574,413,20,41,1,1,1,2,0,4,u,1564,392.5,1
__re_p1_s1_w1_c3_r0_l4_e,1574,372,1601,413,27,41,1,1,1,3,0,4,e,1587.5,392.5,1
__re_p1_s1_w1_c1_r0_l4_l,1601,372,1615,413,14,41,1,1,1,1,0,4,l,1608,392.5,1
__re_p1_s1_w1_c2_r0_l4_o,1616,372,1636,413,20,41,1,1,1,2,0,4,o,1626,392.5,1
__re_p1_s1_w1_c3_r0_l4_s,1637,372,1660,413,23,41,1,1,1,3,0,4,s,1648.5,392.5,1
__re_p1_s1_w1_c1_r0_l5_c,260,413,283,454,23,41,1,1,1,1,0,5,c,271.5,433.5,1
__re_p1_s1_w1_c2_r0_l5_o,283,413,303,454,20,41,1,1,1,2,0,5,o,293,433.5,1
__re_p1_s1_w1_c3_r0_l5_m,303,413,332,454,29,41,1,1,1,3,0,5,m,317.5,433.5,1
__re_p1_s1_w1_c4_r0_l5_e,333,413,353,454,20,41,1,1,1,4,0,5,e,343,433.5,1
__re_p1_s1_w1_c5_r0_l5_t,353,413,363,454,10,41,1,1,1,5,0,5,t,358,433.5,1
__re_p1_s1_w1_c6_r0_l5_a,363,413,383,454,20,41,1,1,1,6,0,5,a,373,433.5,1
__re_p1_s1_w1_c7_r0_l5_s,383,413,412,454,29,41,1,1,1,7,0,5,s,397.5,433.5,1
__re_p1_s1_w1_c1_r0_l5_e,412,413,443,454,31,41,1,1,1,1,0,5,e,427.5,433.5,1
__re_p1_s1_w1_c2_r0_l5_r,443,413,454,454,11,41,1,1,1,2,0,5,r,448.5,433.5,1
__re_p1_s1_w1_c3_r0_l5_a,455,413,475,454,20,41,1,1,1,3,0,5,a,465,433.5,1
__re_p1_s1_w1_c4_r0_l5_n,475,413,495,454,20,41,1,1,1,4,0,5,n,485,433.5,1
"__re_p1_s1_w1_c5_r0_l5_,",495,413,516,454,21,41,1,1,1,5,0,5,",",505.5,433.5,1
__re_p1_s1_w1_c1_r0_l5_e,516,413,547,454,31,41,1,1,1,1,0,5,e,531.5,433.5,1
__re_p1_s1_w1_c2_r0_l5_n,547,413,578,454,31,41,1,1,1,2,0,5,n,562.5,433.5,1
__re_p1_s1_w1_c1_r0_l5_r,578,413,600,454,22,41,1,1,1,1,0,5,r,589,433.5,1
__re_p1_s1_w1_c2_r0_l5_e,601,413,621,454,20,41,1,1,1,2,0,5,e,611,433.5,1
__re_p1_s1_w1_c3_r0_l5_a,621,413,641,454,20,41,1,1,1,3,0,5,a,631,433.5,1
__re_p1_s1_w1_c4_r0_l5_l,641,413,648,454,7,41,1,1,1,4,0,5,l,644.5,433.5,1
__re_p1_s1_w1_c5_r0_l5_i,649,413,656,454,7,41,1,1,1,5,0,5,i,652.5,433.5,1
__re_p1_s1_w1_c6_r0_l5_d,657,413,677,454,20,41,1,1,1,6,0,5,d,667,433.5,1
__re_p1_s1_w1_c7_r0_l5_a,677,413,697,454,20,41,1,1,1,7,0,5,a,687,433.5,1
__re_p1_s1_w1_c8_r0_l5_d,697,413,717,454,20,41,1,1,1,8,0,5,d,707,433.5,1
"__re_p1_s1_w1_c9_r0_l5_,",717,413,738,454,21,41,1,1,1,9,0,5,",",727.5,433.5,1
__re_p1_s1_w1_c1_r0_l5_f,738,413,759,454,21,41,1,1,1,1,0,5,f,748.5,433.5,1
__re_p1_s1_w1_c2_r0_l5_e,759,413,779,454,20,41,1,1,1,2,0,5,e,769,433.5,1
__re_p1_s1_w1_c3_r0_l5_n,779,413,799,454,20,41,1,1,1,3,0,5,n,789,433.5,1
__re_p1_s1_w1_c4_r0_l5_ó,799,413,819,454,20,41,1,1,1,4,0,5,ó,809,433.5,1
__re_p1_s1_w1_c5_r0_l5_m,819,413,848,454,29,41,1,1,1,5,0,5,m,833.5,433.5,1
__re_p1_s1_w1_c6_r0_l5_e,849,413,869,454,20,41,1,1,1,6,0,5,e,859,433.5,1
__re_p1_s1_w1_c7_r0_l5_n,869,413,889,454,20,41,1,1,1,7,0,5,n,879,433.5,1
__re_p1_s1_w1_c8_r0_l5_o,890,413,910,454,20,41,1,1,1,8,0,5,o,900,433.5,1
__re_p1_s1_w1_c9_r0_l5_s,910,413,939,454,29,41,1,1,1,9,0,5,s,924.5,433.5,1
__re_p1_s1_w1_c1_r0_l5_a,939,413,970,454,31,41,1,1,1,1,0,5,a,954.5,433.5,1
__re_p1_s1_w1_c2_r0_l5_t,970,413,980,454,10,41,1,1,1,2,0,5,t,975,433.5,1
__re_p1_s1_w1_c3_r0_l5_m,980,413,1009,454,29,41,1,1,1,3,0,5,m,994.5,433.5,1
__re_p1_s1_w1_c4_r0_l5_o,1010,413,1030,454,20,41,1,1,1,4,0,5,o,1020,433.5,1
__re_p1_s1_w1_c5_r0_l5_s,1030,413,1048,454,18,41,1,1,1,5,0,5,s,1039,433.5,1
__re_p1_s1_w1_c6_r0_l5_f,1048,413,1058,454,10,41,1,1,1,6,0,5,f,1053,433.5,1
__re_p1_s1_w1_c7_r0_l5_é,1058,413,1078,454,20,41,1,1,1,7,0,5,é,1068,433.5,1
__re_p1_s1_w1_c8_r0_l5_r,1078,413,1089,454,11,41,1,1,1,8,0,5,r,1083.5,433.5,1
__re_p1_s1_w1_c9_r0_l5_i,1090,413,1097,454,7,41,1,1,1,9,0,5,i,1093.5,433.5,1
__re_p1_s1_w1_c10_r0_l5_c,1098,413,1116,454,18,41,1,1,1,10,0,5,c,1107,433.5,1
__re_p1_s1_w1_c11_r0_l5_o,1116,413,1136,454,20,41,1,1,1,11,0,5,o,1126,433.5,1
__re_p1_s1_w1_c12_r0_l5_s,1136,413,1165,454,29,41,1,1,1,12,0,5,s,1150.5,433.5,1
__re_p1_s1_w1_c1_r0_l5_¡,1165,413,1187,454,22,41,1,1,1,1,0,5,¡,1176,433.5,1
__re_p1_s1_w1_c2_r0_l5_I,1188,413,1198,454,10,41,1,1,1,2,0,5,I,1193,433.5,1
__re_p1_s1_w1_c3_r0_l5_n,1198,413,1218,454,20,41,1,1,1,3,0,5,n,1208,433.5,1
__re_p1_s1_w1_c4_r0_l5_c,1218,413,1236,454,18,41,1,1,1,4,0,5,c,1227,433.5,1
__re_p1_s1_w1_c5_r0_l5_l,1236,413,1243,454,7,41,1,1,1,5,0,5,l,1239.5,433.5,1
__re_p1_s1_w1_c6_r0_l5_u,1244,413,1264,454,20,41,1,1,1,6,0,5,u,1254,433.5,1
__re_p1_s1_w1_c7_r0_l5_s,1264,413,1282,454,18,41,1,1,1,7,0,5,s,1273,433.5,1
__re_p1_s1_w1_c8_r0_l5_o,1282,413,1313,454,31,41,1,1,1,8,0,5,o,1297.5,433.5,1
__re_p1_s1_w1_c1_r0_l5_G,1313,413,1352,454,39,41,1,1,1,1,0,5,G,1332.5,433.5,1
__re_p1_s1_w1_c2_r0_l5_a,1352,413,1372,454,20,41,1,1,1,2,0,5,a,1362,433.5,1
__re_p1_s1_w1_c3_r0_l5_l,1372,413,1379,454,7,41,1,1,1,3,0,5,l,1375.5,433.5,1
__re_p1_s1_w1_c4_r0_l5_i,1380,413,1387,454,7,41,1,1,1,4,0,5,i,1383.5,433.5,1
__re_p1_s1_w1_c5_r0_l5_l,1388,413,1395,454,7,41,1,1,1,5,0,5,l,1391.5,433.5,1
__re_p1_s1_w1_c6_r0_l5_e,1396,413,1416,454,20,41,1,1,1,6,0,5,e,1406,433.5,1
__re_p1_s1_w1_c7_r0_l5_o,1416,413,1447,454,31,41,1,1,1,7,0,5,o,1431.5,433.5,1
__re_p1_s1_w1_c1_r0_l5_(,1447,413,1469,454,22,41,1,1,1,1,0,5,(,1458,433.5,1
__re_p1_s1_w1_c2_r0_l5_1,1470,413,1490,454,20,41,1,1,1,2,0,5,1,1480,433.5,1
__re_p1_s1_w1_c3_r0_l5_5,1490,413,1510,454,20,41,1,1,1,3,0,5,5,1500,433.5,1
__re_p1_s1_w1_c4_r0_l5_6,1510,413,1530,454,20,41,1,1,1,4,0,5,6,1520,433.5,1
__re_p1_s1_w1_c5_r0_l5_4,1530,413,1550,454,20,41,1,1,1,5,0,5,4,1540,433.5,1
__re_p1_s1_w1_c6_r0_l5_-,1550,413,1561,454,11,41,1,1,1,6,0,5,-,1555.5,433.5,1
__re_p1_s1_w1_c7_r0_l5_1,1562,413,1582,454,20,41,1,1,1,7,0,5,1,1572,433.5,1
__re_p1_s1_w1_c8_r0_l5_6,1582,413,1602,454,20,41,1,1,1,8,0,5,6,1592,433.5,1
__re_p1_s1_w1_c9_r0_l5_4,1602,413,1622,454,20,41,1,1,1,9,0,5,4,1612,433.5,1
__re_p1_s1_w1_c10_r0_l5_2,1622,413,1642,454,20,41,1,1,1,10,0,5,2,1632,433.5,1
__re_p1_s1_w1_c11_r0_l5_),1643,413,1660,454,17,41,1,1,1,11,0,5,),1651.5,433.5,1
__re_p1_s1_w1_c1_r0_l5_a,260,454,285,496,25,42,1,1,1,1,0,5,a,272.5,475,1
__re_p1_s1_w1_c2_r0_l5_f,285,454,295,496,10,42,1,1,1,2,0,5,f,290,475,1
__re_p1_s1_w1_c3_r0_l5_i,295,454,302,496,7,42,1,1,1,3,0,5,i,298.5,475,1
__re_p1_s1_w1_c4_r0_l5_r,303,454,314,496,11,42,1,1,1,4,0,5,r,308.5,475,1
__re_p1_s1_w1_c5_r0_l5_m,315,454,344,496,29,42,1,1,1,5,0,5,m,329.5,475,1
__re_p1_s1_w1_c6_r0_l5_a,344,454,364,496,20,42,1,1,1,6,0,5,a,354,475,1
__re_p1_s1_w1_c7_r0_l5_b,365,454,385,496,20,42,1,1,1,7,0,5,b,375,475,1
__re_p1_s1_w1_c8_r0_l5_a,385,454,416,496,31,42,1,1,1,8,0,5,a,400.5,475,1
__re_p1_s1_w1_c1_r0_l5_q,417,454,448,496,31,42,1,1,1,1,0,5,q,432.5,475,1
__re_p1_s1_w1_c2_r0_l5_u,448,454,468,496,20,42,1,1,1,2,0,5,u,458,475,1
__re_p1_s1_w1_c3_r0_l5_e,468,454,499,496,31,42,1,1,1,3,0,5,e,483.5,475,1
__re_p1_s1_w1_c1_r0_l5_l,500,454,518,496,18,42,1,1,1,1,0,5,l,509,475,1
__re_p1_s1_w1_c2_r0_l5_o,519,454,539,496,20,42,1,1,1,2,0,5,o,529,475,1
__re_p1_s1_w1_c3_r0_l5_s,539,454,569,496,30,42,1,1,1,3,0,5,s,554,475,1
__re_p1_s1_w1_c1_r0_l5_c,569,454,599,496,30,42,1,1,1,1,0,5,c,584,475,1
__re_p1_s1_w1_c2_r0_l5_o,599,454,619,496,20,42,1,1,1,2,0,5,o,609,475,1
__re_p1_s1_w1_c3_r0_l5_m,619,454,648,496,29,42,1,1,1,3,0,5,m,633.5,475,1
__re_p1_s1_w1_c4_r0_l5_e,649,454,669,496,20,42,1,1,1,4,0,5,e,659,475,1
__re_p1_s1_w1_c5_r0_l5_t,669,454,679,496,10,42,1,1,1,5,0,5,t,674,475,1
__re_p1_s1_w1_c6_r0_l5_a,679,454,699,496,20,42,1,1,1,6,0,5,a,689,475,1
__re_p1_s1_w1_c7_r0_l5_s,699,454,728,496,29,42,1,1,1,7,0,5,s,713.5,475,1
__re_p1_s1_w1_c1_r0_l5_e,729,454,760,496,31,42,1,1,1,1,0,5,e,744.5,475,1
__re_p1_s1_w1_c2_r0_l5_r,760,454,771,496,11,42,1,1,1,2,0,5,r,765.5,475,1
__re_p1_s1_w1_c3_r0_l5_a,772,454,792,496,20,42,1,1,1,3,0,5,a,782,475,1
__re_p1_s1_w1_c4_r0_l5_n,792,454,823,496,31,42,1,1,1,4,0,5,n,807.5,475,1
__re_p1_s1_w1_c1_r0_l5_«,824,454,855,496,31,42,1,1,1,1,0,5,«,839.5,475,1
__re_p1_s1_w1_c2_r0_l5_i,855,454,862,496,7,42,1,1,1,2,0,5,i,858.5,475,1
__re_p1_s1_w1_c3_r0_l5_l,863,454,870,496,7,42,1,1,1,3,0,5,l,866.5,475,1
__re_p1_s1_w1_c4_r0_l5_u,871,454,891,496,20,42,1,1,1,4,0,5,u,881,475,1
__re_p1_s1_w1_c5_r0_l5_s,892,454,910,496,18,42,1,1,1,5,0,5,s,901,475,1
__re_p1_s1_w1_c6_r0_l5_i,910,454,917,496,7,42,1,1,1,6,0,5,i,913.5,475,1
__re_p1_s1_w1_c7_r0_l5_o,918,454,938,496,20,42,1,1,1,7,0,5,o,928,475,1
__re_p1_s1_w1_c8_r0_l5_n,938,454,958,496,20,42,1,1,1,8,0,5,n,948,475,1
__re_p1_s1_w1_c9_r0_l5_e,958,454,978,496,20,42,1,1,1,9,0,5,e,968,475,1
__re_p1_s1_w1_c10_r0_l5_s,978,454,996,496,18,42,1,1,1,10,0,5,s,987,475,1
__re_p1_s1_w1_c11_r0_l5_»,996,454,1027,496,31,42,1,1,1,11,0,5,»,1011.5,475,1
__re_p1_s1_w1_c1_r0_l5_o,1028,454,1070,496,42,42,1,1,1,1,0,5,o,1049,475,1
__re_p1_s1_w1_c1_r0_l5_r,1071,454,1093,496,22,42,1,1,1,1,0,5,r,1082,475,1
__re_p1_s1_w1_c2_r0_l5_e,1094,454,1114,496,20,42,1,1,1,2,0,5,e,1104,475,1
__re_p1_s1_w1_c3_r0_l5_f,1114,454,1124,496,10,42,1,1,1,3,0,5,f,1119,475,1
__re_p1_s1_w1_c4_r0_l5_l,1124,454,1131,496,7,42,1,1,1,4,0,5,l,1127.5,475,1
__re_p1_s1_w1_c5_r0_l5_e,1132,454,1152,496,20,42,1,1,1,5,0,5,e,1142,475,1
__re_p1_s1_w1_c6_r0_l5_j,1152,454,1159,496,7,42,1,1,1,6,0,5,j,1155.5,475,1
__re_p1_s1_w1_c7_r0_l5_o,1160,454,1180,496,20,42,1,1,1,7,0,5,o,1170,475,1
__re_p1_s1_w1_c8_r0_l5_s,1180,454,1210,496,30,42,1,1,1,8,0,5,s,1195,475,1
__re_p1_s1_w1_c1_r0_l5_a,1210,454,1242,496,32,42,1,1,1,1,0,5,a,1226,475,1
__re_p1_s1_w1_c2_r0_l5_t,1242,454,1252,496,10,42,1,1,1,2,0,5,t,1247,475,1
__re_p1_s1_w1_c3_r0_l5_m,1252,454,1281,496,29,42,1,1,1,3,0,5,m,1266.5,475,1
__re_p1_s1_w1_c4_r0_l5_o,1282,454,1302,496,20,42,1,1,1,4,0,5,o,1292,475,1
__re_p1_s1_w1_c5_r0_l5_s,1302,454,1320,496,18,42,1,1,1,5,0,5,s,1311,475,1
__re_p1_s1_w1_c6_r0_l5_f,1320,454,1330,496,10,42,1,1,1,6,0,5,f,1325,475,1
__re_p1_s1_w1_c7_r0_l5_é,1330,454,1350,496,20,42,1,1,1,7,0,5,é,1340,475,1
__re_p1_s1_w1_c8_r0_l5_r,1350,454,1361,496,11,42,1,1,1,8,0,5,r,1355.5,475,1
__re_p1_s1_w1_c9_r0_l5_i,1362,454,1369,496,7,42,1,1,1,9,0,5,i,1365.5,475,1
__re_p1_s1_w1_c10_r0_l5_c,1370,454,1388,496,18,42,1,1,1,10,0,5,c,1379,475,1
__re_p1_s1_w1_c11_r0_l5_o,1388,454,1408,496,20,42,1,1,1,11,0,5,o,1398,475,1
__re_p1_s1_w1_c12_r0_l5_s,1408,454,1426,496,18,42,1,1,1,12,0,5,s,1417,475,1
__re_p1_s1_w1_c13_r0_l5_!,1426,454,1447,496,21,42,1,1,1,13,0,5,!,1436.5,475,1
__re_p1_s1_w1_c1_r0_l5_H,1448,454,1484,496,36,42,1,1,1,1,0,5,H,1466,475,1
__re_p1_s1_w1_c2_r0_l5_o,1485,454,1505,496,20,42,1,1,1,2,0,5,o,1495,475,1
__re_p1_s1_w1_c3_r0_l5_y,1505,454,1534,496,29,42,1,1,1,3,0,5,y,1519.5,475,1
__re_p1_s1_w1_c1_r0_l5_h,1535,454,1566,496,31,42,1,1,1,1,0,5,h,1550.5,475,1
__re_p1_s1_w1_c2_r0_l5_e,1566,454,1586,496,20,42,1,1,1,2,0,5,e,1576,475,1
__re_p1_s1_w1_c3_r0_l5_m,1586,454,1615,496,29,42,1,1,1,3,0,5,m,1600.5,475,1
__re_p1_s1_w1_c4_r0_l5_o,1616,454,1636,496,20,42,1,1,1,4,0,5,o,1626,475,1
__re_p1_s1_w1_c5_r0_l5_s,1637,454,1660,496,23,42,1,1,1,5,0,5,s,1648.5,475,1
__re_p1_s1_w1_c1_r0_l6_s,260,496,283,537,23,41,1,1,1,1,0,6,s,271.5,516.5,1
__re_p1_s1_w1_c2_r0_l6_u,283,496,303,537,20,41,1,1,1,2,0,6,u,293,516.5,1
__re_p1_s1_w1_c3_r0_l6_p,303,496,323,537,20,41,1,1,1,3,0,6,p,313,516.5,1
__re_p1_s1_w1_c4_r0_l6_e,323,496,343,537,20,41,1,1,1,4,0,6,e,333,516.5,1
__re_p1_s1_w1_c5_r0_l6_r,343,496,354,537,11,41,1,1,1,5,0,6,r,348.5,516.5,1
__re_p1_s1_w1_c6_r0_l6_a,355,496,375,537,20,41,1,1,1,6,0,6,a,365,516.5,1
__re_p1_s1_w1_c7_r0_l6_d,375,496,395,537,20,41,1,1,1,7,0,6,d,385,516.5,1
__re_p1_s1_w1_c8_r0_l6_o,395,496,420,537,25,41,1,1,1,8,0,6,o,407.5,516.5,1
__re_p1_s1_w1_c1_r0_l6_e,420,496,445,537,25,41,1,1,1,1,0,6,e,432.5,516.5,1
__re_p1_s1_w1_c2_r0_l6_s,445,496,463,537,18,41,1,1,1,2,0,6,s,454,516.5,1
__re_p1_s1_w1_c3_r0_l6_a,463,496,488,537,25,41,1,1,1,3,0,6,a,475.5,516.5,1
__re_p1_s1_w1_c1_r0_l6_i,488,496,500,537,12,41,1,1,1,1,0,6,i,494,516.5,1
__re_p1_s1_w1_c2_r0_l6_d,501,496,521,537,20,41,1,1,1,2,0,6,d,511,516.5,1
__re_p1_s1_w1_c3_r0_l6_e,521,496,541,537,20,41,1,1,1,3,0,6,e,531,516.5,1
__re_p1_s1_w1_c4_r0_l6_a,541,496,561,537,20,41,1,1,1,4,0,6,a,551,516.5,1
"__re_p1_s1_w1_c5_r0_l6_,",561,496,576,537,15,41,1,1,1,5,0,6,",",568.5,516.5,1
__re_p1_s1_w1_c1_r0_l6_p,576,496,601,537,25,41,1,1,1,1,0,6,p,588.5,516.5,1
__re_p1_s1_w1_c2_r0_l6_e,601,496,621,537,20,41,1,1,1,2,0,6,e,611,516.5,1
__re_p1_s1_w1_c3_r0_l6_r,621,496,632,537,11,41,1,1,1,3,0,6,r,626.5,516.5,1
__re_p1_s1_w1_c4_r0_l6_o,633,496,658,537,25,41,1,1,1,4,0,6,o,645.5,516.5,1
__re_p1_s1_w1_c1_r0_l6_¿,658,496,684,537,26,41,1,1,1,1,0,6,¿,671,516.5,1
__re_p1_s1_w1_c2_r0_l6_c,685,496,703,537,18,41,1,1,1,2,0,6,c,694,516.5,1
__re_p1_s1_w1_c3_r0_l6_ó,703,496,723,537,20,41,1,1,1,3,0,6,ó,713,516.5,1
__re_p1_s1_w1_c4_r0_l6_m,723,496,752,537,29,41,1,1,1,4,0,6,m,737.5,516.5,1
__re_p1_s1_w1_c5_r0_l6_o,753,496,778,537,25,41,1,1,1,5,0,6,o,765.5,516.5,1
__re_p1_s1_w1_c1_r0_l6_e,778,496,803,537,25,41,1,1,1,1,0,6,e,790.5,516.5,1
__re_p1_s1_w1_c2_r0_l6_m,803,496,832,537,29,41,1,1,1,2,0,6,m,817.5,516.5,1
__re_p1_s1_w1_c3_r0_l6_p,833,496,853,537,20,41,1,1,1,3,0,6,p,843,516.5,1
__re_p1_s1_w1_c4_r0_l6_e,853,496,873,537,20,41,1,1,1,4,0,6,e,863,516.5,1
__re_p1_s1_w1_c5_r0_l6_z,873,496,891,537,18,41,1,1,1,5,0,6,z,882,516.5,1
__re_p1_s1_w1_c6_r0_l6_a,891,496,911,537,20,41,1,1,1,6,0,6,a,901,516.5,1
__re_p1_s1_w1_c7_r0_l6_m,911,496,940,537,29,41,1,1,1,7,0,6,m,925.5,516.5,1
__re_p1_s1_w1_c8_r0_l6_o,941,496,961,537,20,41,1,1,1,8,0,6,o,951,516.5,1
__re_p1_s1_w1_c9_r0_l6_s,961,496,984,537,23,41,1,1,1,9,0,6,s,972.5,516.5,1
__re_p1_s1_w1_c1_r0_l6_a,984,496,1014,537,30,41,1,1,1,1,0,6,a,999,516.5,1
__re_p1_s1_w1_c1_r0_l6_s,1014,496,1037,537,23,41,1,1,1,1,0,6,s,1025.5,516.5,1
__re_p1_s1_w1_c2_r0_l6_u,1037,496,1057,537,20,41,1,1,1,2,0,6,u,1047,516.5,1
__re_p1_s1_w1_c3_r0_l6_p,1057,496,1077,537,20,41,1,1,1,3,0,6,p,1067,516.5,1
__re_p1_s1_w1_c4_r0_l6_e,1077,496,1097,537,20,41,1,1,1,4,0,6,e,1087,516.5,1
__re_p1_s1_w1_c5_r0_l6_r,1097,496,1108,537,11,41,1,1,1,5,0,6,r,1102.5,516.5,1
__re_p1_s1_w1_c6_r0_l6_a,1109,496,1129,537,20,41,1,1,1,6,0,6,a,1119,516.5,1
__re_p1_s1_w1_c7_r0_l6_r,1129,496,1140,537,11,41,1,1,1,7,0,6,r,1134.5,516.5,1
__re_p1_s1_w1_c8_r0_l6_l,1141,496,1148,537,7,41,1,1,1,8,0,6,l,1144.5,516.5,1
__re_p1_s1_w1_c9_r0_l6_a,1149,496,1169,537,20,41,1,1,1,9,0,6,a,1159,516.5,1
__re_p1_s1_w1_c10_r0_l6_?,1169,496,1199,537,30,41,1,1,1,10,0,6,?,1184,516.5,1
