char,char_xmin,char_ymin,char_xmax,char_ymax,block,paragraph,line_number,word_nr,letter_nr,word,char_x_center,char_y_center,assigned_line,trial_id
L,692,146,707,164,1,1,1,1,0,La,700,155,1,10
a,707,146,724,164,1,1,1,1,1,La,716,155,1,10
 ,724,146,742,164,1,1,1,1,2,La,733,155,1,10
e,742,146,757,164,1,1,1,2,0,extinción,750,155,1,10
x,757,146,774,164,1,1,1,2,1,extinción,766,155,1,10
t,774,146,792,164,1,1,1,2,2,extinción,783,155,1,10
i,792,146,807,164,1,1,1,2,3,extinción,800,155,1,10
n,807,146,825,164,1,1,1,2,4,extinción,816,155,1,10
c,825,146,841,164,1,1,1,2,5,extinción,833,155,1,10
i,841,146,857,164,1,1,1,2,6,extinción,849,155,1,10
ó,857,146,875,164,1,1,1,2,7,extinción,866,155,1,10
n,875,146,892,164,1,1,1,2,8,extinción,884,155,1,10
 ,892,146,910,164,1,1,1,2,9,extinción,901,155,1,10
d,910,146,926,164,1,1,1,3,0,de,918,155,1,10
e,926,146,942,164,1,1,1,3,1,de,934,155,1,10
 ,942,146,962,164,1,1,1,3,2,de,952,155,1,10
l,962,146,975,164,1,1,1,4,0,los,968,155,1,10
o,975,146,993,164,1,1,1,4,1,los,984,155,1,10
s,993,146,1008,164,1,1,1,4,2,los,1000,155,1,10
 ,1008,146,1028,164,1,1,1,4,3,los,1018,155,1,10
n,1028,146,1043,164,1,1,1,5,0,neandertales,1036,155,1,10
e,1043,146,1060,164,1,1,1,5,1,neandertales,1052,155,1,10
a,1060,146,1077,164,1,1,1,5,2,neandertales,1068,155,1,10
n,1077,146,1093,164,1,1,1,5,3,neandertales,1085,155,1,10
d,1093,146,1111,164,1,1,1,5,4,neandertales,1102,155,1,10
e,1111,146,1127,164,1,1,1,5,5,neandertales,1119,155,1,10
r,1127,146,1144,164,1,1,1,5,6,neandertales,1136,155,1,10
t,1144,146,1161,164,1,1,1,5,7,neandertales,1152,155,1,10
a,1161,146,1177,164,1,1,1,5,8,neandertales,1169,155,1,10
l,1177,146,1193,164,1,1,1,5,9,neandertales,1185,155,1,10
e,1193,146,1211,164,1,1,1,5,10,neandertales,1202,155,1,10
s,1211,146,1227,164,1,1,1,5,11,neandertales,1219,155,1,10
E,201,258,215,281,1,1,2,1,0,El,208,270,2,10
l,215,258,231,281,1,1,2,1,1,El,223,270,2,10
 ,231,258,254,281,1,1,2,1,2,El,242,270,2,10
i,254,258,265,281,1,1,2,2,0,interés,260,270,2,10
n,265,258,283,281,1,1,2,2,1,interés,274,270,2,10
t,283,258,300,281,1,1,2,2,2,interés,292,270,2,10
e,300,258,317,281,1,1,2,2,3,interés,308,270,2,10
r,317,258,334,281,1,1,2,2,4,interés,326,270,2,10
é,334,258,351,281,1,1,2,2,5,interés,342,270,2,10
s,351,258,367,281,1,1,2,2,6,interés,359,270,2,10
 ,367,258,388,281,1,1,2,2,7,interés,378,270,2,10
p,388,258,402,281,1,1,2,3,0,por,395,270,2,10
o,402,258,419,281,1,1,2,3,1,por,410,270,2,10
r,419,258,436,281,1,1,2,3,2,por,428,270,2,10
 ,436,258,458,281,1,1,2,3,3,por,447,270,2,10
l,458,258,469,281,1,1,2,4,0,la,464,270,2,10
a,469,258,487,281,1,1,2,4,1,la,478,270,2,10
 ,487,258,508,281,1,1,2,4,2,la,498,270,2,10
e,508,258,521,281,1,1,2,5,0,extinción,514,270,2,10
x,521,258,538,281,1,1,2,5,1,extinción,530,270,2,10
t,538,258,555,281,1,1,2,5,2,extinción,546,270,2,10
i,555,258,571,281,1,1,2,5,3,extinción,563,270,2,10
n,571,258,589,281,1,1,2,5,4,extinción,580,270,2,10
c,589,258,606,281,1,1,2,5,5,extinción,598,270,2,10
i,606,258,622,281,1,1,2,5,6,extinción,614,270,2,10
ó,622,258,640,281,1,1,2,5,7,extinción,631,270,2,10
n,640,258,657,281,1,1,2,5,8,extinción,648,270,2,10
 ,657,258,679,281,1,1,2,5,9,extinción,668,270,2,10
s,679,258,690,281,1,1,2,6,0,siempre,684,270,2,10
i,690,258,707,281,1,1,2,6,1,siempre,698,270,2,10
e,707,258,725,281,1,1,2,6,2,siempre,716,270,2,10
m,725,258,744,281,1,1,2,6,3,siempre,734,270,2,10
p,744,258,759,281,1,1,2,6,4,siempre,752,270,2,10
r,759,258,776,281,1,1,2,6,5,siempre,768,270,2,10
e,776,258,793,281,1,1,2,6,6,siempre,784,270,2,10
 ,793,258,813,281,1,1,2,6,7,siempre,803,270,2,10
h,813,258,827,281,1,1,2,7,0,ha,820,270,2,10
a,827,258,844,281,1,1,2,7,1,ha,836,270,2,10
 ,844,258,865,281,1,1,2,7,2,ha,854,270,2,10
e,865,258,878,281,1,1,2,8,0,existido.,872,270,2,10
x,878,258,895,281,1,1,2,8,1,existido.,886,270,2,10
i,895,258,911,281,1,1,2,8,2,existido.,903,270,2,10
s,911,258,928,281,1,1,2,8,3,existido.,920,270,2,10
t,928,258,946,281,1,1,2,8,4,existido.,937,270,2,10
i,946,258,962,281,1,1,2,8,5,existido.,954,270,2,10
d,962,258,981,281,1,1,2,8,6,existido.,972,270,2,10
o,981,258,997,281,1,1,2,8,7,existido.,989,270,2,10
.,997,258,1009,281,1,1,2,8,8,existido.,1003,270,2,10
 ,1009,258,1034,281,1,1,2,8,9,existido.,1022,270,2,10
E,1034,258,1048,281,1,1,2,9,0,En,1041,270,2,10
n,1048,258,1065,281,1,1,2,9,1,En,1056,270,2,10
 ,1065,258,1086,281,1,1,2,9,2,En,1076,270,2,10
r,1086,258,1099,281,1,1,2,10,0,"realidad,",1092,270,2,10
e,1099,258,1116,281,1,1,2,10,1,"realidad,",1108,270,2,10
a,1116,258,1133,281,1,1,2,10,2,"realidad,",1124,270,2,10
l,1133,258,1149,281,1,1,2,10,3,"realidad,",1141,270,2,10
i,1149,258,1166,281,1,1,2,10,4,"realidad,",1158,270,2,10
d,1166,258,1185,281,1,1,2,10,5,"realidad,",1176,270,2,10
a,1185,258,1201,281,1,1,2,10,6,"realidad,",1193,270,2,10
d,1201,258,1219,281,1,1,2,10,7,"realidad,",1210,270,2,10
",",1219,258,1230,281,1,1,2,10,8,"realidad,",1224,270,2,10
 ,1230,258,1256,281,1,1,2,10,9,"realidad,",1243,270,2,10
e,1256,258,1269,281,1,1,2,11,0,el,1262,270,2,10
l,1269,258,1285,281,1,1,2,11,1,el,1277,270,2,10
 ,1285,258,1308,281,1,1,2,11,2,el,1296,270,2,10
f,1308,258,1320,281,1,1,2,12,0,final,1314,270,2,10
i,1320,258,1336,281,1,1,2,12,1,final,1328,270,2,10
n,1336,258,1354,281,1,1,2,12,2,final,1345,270,2,10
a,1354,258,1371,281,1,1,2,12,3,final,1362,270,2,10
l,1371,258,1387,281,1,1,2,12,4,final,1379,270,2,10
 ,1387,258,1409,281,1,1,2,12,5,final,1398,270,2,10
d,1409,258,1423,281,1,1,2,13,0,de,1416,270,2,10
e,1423,258,1439,281,1,1,2,13,1,de,1431,270,2,10
 ,1439,258,1461,281,1,1,2,13,2,de,1450,270,2,10
l,1461,258,1472,281,1,1,2,14,0,los,1466,270,2,10
o,1472,258,1490,281,1,1,2,14,1,los,1481,270,2,10
s,1490,258,1506,281,1,1,2,14,2,los,1498,270,2,10
 ,1506,258,1528,281,1,1,2,14,3,los,1517,270,2,10
n,1528,258,1541,281,1,1,2,15,0,neandertales,1534,270,2,10
e,1541,258,1558,281,1,1,2,15,1,neandertales,1550,270,2,10
a,1558,258,1575,281,1,1,2,15,2,neandertales,1566,270,2,10
n,1575,258,1592,281,1,1,2,15,3,neandertales,1584,270,2,10
d,1592,258,1610,281,1,1,2,15,4,neandertales,1601,270,2,10
e,1610,258,1626,281,1,1,2,15,5,neandertales,1618,270,2,10
r,1626,258,1643,281,1,1,2,15,6,neandertales,1634,270,2,10
t,1643,258,1660,281,1,1,2,15,7,neandertales,1652,270,2,10
a,1660,258,1677,281,1,1,2,15,8,neandertales,1668,270,2,10
l,1677,258,1693,281,1,1,2,15,9,neandertales,1685,270,2,10
e,1693,258,1711,281,1,1,2,15,10,neandertales,1702,270,2,10
s,1711,258,1727,281,1,1,2,15,11,neandertales,1719,270,2,10
s,203,314,214,337,1,1,3,1,0,se,208,326,3,10
e,214,314,232,337,1,1,3,1,1,se,223,326,3,10
 ,232,314,252,337,1,1,3,1,2,se,242,326,3,10
h,252,314,266,337,1,1,3,2,0,ha,259,326,3,10
a,266,314,283,337,1,1,3,2,1,ha,274,326,3,10
 ,283,314,303,337,1,1,3,2,2,ha,293,326,3,10
p,303,314,317,337,1,1,3,3,0,percibido,310,326,3,10
e,317,314,334,337,1,1,3,3,1,percibido,326,326,3,10
r,334,314,351,337,1,1,3,3,2,percibido,342,326,3,10
c,351,314,368,337,1,1,3,3,3,percibido,360,326,3,10
i,368,314,384,337,1,1,3,3,4,percibido,376,326,3,10
b,384,314,402,337,1,1,3,3,5,percibido,393,326,3,10
i,402,314,418,337,1,1,3,3,6,percibido,410,326,3,10
d,418,314,437,337,1,1,3,3,7,percibido,428,326,3,10
o,437,314,453,337,1,1,3,3,8,percibido,445,326,3,10
 ,453,314,474,337,1,1,3,3,9,percibido,464,326,3,10
e,474,314,487,337,1,1,3,4,0,en,480,326,3,10
n,487,314,504,337,1,1,3,4,1,en,496,326,3,10
 ,504,314,525,337,1,1,3,4,2,en,514,326,3,10
d,525,314,539,337,1,1,3,5,0,diferentes,532,326,3,10
i,539,314,554,337,1,1,3,5,1,diferentes,546,326,3,10
f,554,314,572,337,1,1,3,5,2,diferentes,563,326,3,10
e,572,314,589,337,1,1,3,5,3,diferentes,580,326,3,10
r,589,314,606,337,1,1,3,5,4,diferentes,598,326,3,10
e,606,314,623,337,1,1,3,5,5,diferentes,614,326,3,10
n,623,314,640,337,1,1,3,5,6,diferentes,632,326,3,10
t,640,314,657,337,1,1,3,5,7,diferentes,648,326,3,10
e,657,314,674,337,1,1,3,5,8,diferentes,666,326,3,10
s,674,314,690,337,1,1,3,5,9,diferentes,682,326,3,10
 ,690,314,710,337,1,1,3,5,10,diferentes,700,326,3,10
m,710,314,727,337,1,1,3,6,0,medios,718,326,3,10
e,727,314,742,337,1,1,3,6,1,medios,734,326,3,10
d,742,314,760,337,1,1,3,6,2,medios,751,326,3,10
i,760,314,775,337,1,1,3,6,3,medios,768,326,3,10
o,775,314,793,337,1,1,3,6,4,medios,784,326,3,10
s,793,314,809,337,1,1,3,6,5,medios,801,326,3,10
 ,809,314,829,337,1,1,3,6,6,medios,819,326,3,10
m,829,314,846,337,1,1,3,7,0,más,838,326,3,10
á,846,314,861,337,1,1,3,7,1,más,854,326,3,10
s,861,314,877,337,1,1,3,7,2,más,869,326,3,10
 ,877,314,899,337,1,1,3,7,3,más,888,326,3,10
c,899,314,912,337,1,1,3,8,0,como,906,326,3,10
o,912,314,929,337,1,1,3,8,1,como,920,326,3,10
m,929,314,948,337,1,1,3,8,2,como,938,326,3,10
o,948,314,963,337,1,1,3,8,3,como,956,326,3,10
 ,963,314,983,337,1,1,3,8,4,como,973,326,3,10
u,983,314,997,337,1,1,3,9,0,un,990,326,3,10
n,997,314,1014,337,1,1,3,9,1,un,1006,326,3,10
 ,1014,314,1033,337,1,1,3,9,2,un,1024,326,3,10
m,1033,314,1050,337,1,1,3,10,0,misterio,1042,326,3,10
i,1050,314,1064,337,1,1,3,10,1,misterio,1057,326,3,10
s,1064,314,1081,337,1,1,3,10,2,misterio,1072,326,3,10
t,1081,314,1099,337,1,1,3,10,3,misterio,1090,326,3,10
e,1099,314,1116,337,1,1,3,10,4,misterio,1108,326,3,10
r,1116,314,1133,337,1,1,3,10,5,misterio,1124,326,3,10
i,1133,314,1149,337,1,1,3,10,6,misterio,1141,326,3,10
o,1149,314,1167,337,1,1,3,10,7,misterio,1158,326,3,10
 ,1167,314,1188,337,1,1,3,10,8,misterio,1178,326,3,10
q,1188,314,1202,337,1,1,3,11,0,que,1195,326,3,10
u,1202,314,1218,337,1,1,3,11,1,que,1210,326,3,10
e,1218,314,1235,337,1,1,3,11,2,que,1226,326,3,10
 ,1235,314,1256,337,1,1,3,11,3,que,1246,326,3,10
c,1256,314,1269,337,1,1,3,12,0,como,1262,326,3,10
o,1269,314,1286,337,1,1,3,12,1,como,1278,326,3,10
m,1286,314,1305,337,1,1,3,12,2,como,1296,326,3,10
o,1305,314,1320,337,1,1,3,12,3,como,1312,326,3,10
 ,1320,314,1340,337,1,1,3,12,4,como,1330,326,3,10
u,1340,314,1354,337,1,1,3,13,0,un,1347,326,3,10
n,1354,314,1371,337,1,1,3,13,1,un,1362,326,3,10
 ,1371,314,1393,337,1,1,3,13,2,un,1382,326,3,10
i,1393,314,1404,337,1,1,3,14,0,interrogante,1398,326,3,10
n,1404,314,1422,337,1,1,3,14,1,interrogante,1413,326,3,10
t,1422,314,1439,337,1,1,3,14,2,interrogante,1430,326,3,10
e,1439,314,1456,337,1,1,3,14,3,interrogante,1448,326,3,10
r,1456,314,1473,337,1,1,3,14,4,interrogante,1464,326,3,10
r,1473,314,1490,337,1,1,3,14,5,interrogante,1482,326,3,10
o,1490,314,1507,337,1,1,3,14,6,interrogante,1498,326,3,10
g,1507,314,1525,337,1,1,3,14,7,interrogante,1516,326,3,10
a,1525,314,1541,337,1,1,3,14,8,interrogante,1533,326,3,10
n,1541,314,1558,337,1,1,3,14,9,interrogante,1550,326,3,10
t,1558,314,1575,337,1,1,3,14,10,interrogante,1566,326,3,10
e,1575,314,1592,337,1,1,3,14,11,interrogante,1584,326,3,10
 ,1592,314,1613,337,1,1,3,14,12,interrogante,1602,326,3,10
d,1613,314,1627,337,1,1,3,15,0,del,1620,326,3,10
e,1627,314,1643,337,1,1,3,15,1,del,1635,326,3,10
l,1643,314,1659,337,1,1,3,15,2,del,1651,326,3,10
p,201,370,215,393,1,1,4,1,0,pensamiento.,208,382,4,10
e,215,370,232,393,1,1,4,1,1,pensamiento.,224,382,4,10
n,232,370,249,393,1,1,4,1,2,pensamiento.,240,382,4,10
s,249,370,265,393,1,1,4,1,3,pensamiento.,257,382,4,10
a,265,370,283,393,1,1,4,1,4,pensamiento.,274,382,4,10
m,283,370,302,393,1,1,4,1,5,pensamiento.,292,382,4,10
i,302,370,316,393,1,1,4,1,6,pensamiento.,309,382,4,10
e,316,370,334,393,1,1,4,1,7,pensamiento.,325,382,4,10
n,334,370,351,393,1,1,4,1,8,pensamiento.,342,382,4,10
t,351,370,368,393,1,1,4,1,9,pensamiento.,360,382,4,10
o,368,370,385,393,1,1,4,1,10,pensamiento.,376,382,4,10
.,385,370,397,393,1,1,4,1,11,pensamiento.,391,382,4,10
 ,397,370,424,393,1,1,4,1,12,pensamiento.,410,382,4,10
¿,424,370,434,393,1,1,4,2,0,¿Por,429,382,4,10
P,434,370,453,393,1,1,4,2,1,¿Por,444,382,4,10
o,453,370,470,393,1,1,4,2,2,¿Por,462,382,4,10
r,470,370,487,393,1,1,4,2,3,¿Por,478,382,4,10
 ,487,370,508,393,1,1,4,2,4,¿Por,498,382,4,10
q,508,370,522,393,1,1,4,3,0,qué,515,382,4,10
u,522,370,538,393,1,1,4,3,1,qué,530,382,4,10
é,538,370,555,393,1,1,4,3,2,qué,546,382,4,10
 ,555,370,577,393,1,1,4,3,3,qué,566,382,4,10
s,577,370,588,393,1,1,4,4,0,se,582,382,4,10
e,588,370,606,393,1,1,4,4,1,se,597,382,4,10
 ,606,370,627,393,1,1,4,4,2,se,616,382,4,10
e,627,370,640,393,1,1,4,5,0,extinguieron,634,382,4,10
x,640,370,657,393,1,1,4,5,1,extinguieron,648,382,4,10
t,657,370,674,393,1,1,4,5,2,extinguieron,666,382,4,10
i,674,370,690,393,1,1,4,5,3,extinguieron,682,382,4,10
n,690,370,708,393,1,1,4,5,4,extinguieron,699,382,4,10
g,708,370,726,393,1,1,4,5,5,extinguieron,717,382,4,10
u,726,370,742,393,1,1,4,5,6,extinguieron,734,382,4,10
i,742,370,758,393,1,1,4,5,7,extinguieron,750,382,4,10
e,758,370,776,393,1,1,4,5,8,extinguieron,767,382,4,10
r,776,370,793,393,1,1,4,5,9,extinguieron,784,382,4,10
o,793,370,810,393,1,1,4,5,10,extinguieron,802,382,4,10
n,810,370,827,393,1,1,4,5,11,extinguieron,818,382,4,10
 ,827,370,849,393,1,1,4,5,12,extinguieron,838,382,4,10
l,849,370,860,393,1,1,4,6,0,los,854,382,4,10
o,860,370,878,393,1,1,4,6,1,los,869,382,4,10
s,878,370,894,393,1,1,4,6,2,los,886,382,4,10
 ,894,370,916,393,1,1,4,6,3,los,905,382,4,10
n,916,370,929,393,1,1,4,7,0,neandertales?,922,382,4,10
e,929,370,946,393,1,1,4,7,1,neandertales?,938,382,4,10
a,946,370,963,393,1,1,4,7,2,neandertales?,954,382,4,10
n,963,370,980,393,1,1,4,7,3,neandertales?,972,382,4,10
d,980,370,998,393,1,1,4,7,4,neandertales?,989,382,4,10
e,998,370,1014,393,1,1,4,7,5,neandertales?,1006,382,4,10
r,1014,370,1031,393,1,1,4,7,6,neandertales?,1022,382,4,10
t,1031,370,1048,393,1,1,4,7,7,neandertales?,1040,382,4,10
a,1048,370,1065,393,1,1,4,7,8,neandertales?,1056,382,4,10
l,1065,370,1081,393,1,1,4,7,9,neandertales?,1073,382,4,10
e,1081,370,1099,393,1,1,4,7,10,neandertales?,1090,382,4,10
s,1099,370,1115,393,1,1,4,7,11,neandertales?,1107,382,4,10
?,1115,370,1132,393,1,1,4,7,12,neandertales?,1124,382,4,10
 ,1132,370,1154,393,1,1,4,7,13,neandertales?,1143,382,4,10
H,1154,370,1167,393,1,1,4,8,0,"Históricamente,",1160,382,4,10
i,1167,370,1183,393,1,1,4,8,1,"Históricamente,",1175,382,4,10
s,1183,370,1200,393,1,1,4,8,2,"Históricamente,",1192,382,4,10
t,1200,370,1218,393,1,1,4,8,3,"Históricamente,",1209,382,4,10
ó,1218,370,1235,393,1,1,4,8,4,"Históricamente,",1226,382,4,10
r,1235,370,1252,393,1,1,4,8,5,"Históricamente,",1244,382,4,10
i,1252,370,1268,393,1,1,4,8,6,"Históricamente,",1260,382,4,10
c,1268,370,1286,393,1,1,4,8,7,"Históricamente,",1277,382,4,10
a,1286,370,1303,393,1,1,4,8,8,"Históricamente,",1294,382,4,10
m,1303,370,1322,393,1,1,4,8,9,"Históricamente,",1312,382,4,10
e,1322,370,1337,393,1,1,4,8,10,"Históricamente,",1330,382,4,10
n,1337,370,1354,393,1,1,4,8,11,"Históricamente,",1346,382,4,10
t,1354,370,1371,393,1,1,4,8,12,"Históricamente,",1362,382,4,10
e,1371,370,1388,393,1,1,4,8,13,"Históricamente,",1380,382,4,10
",",1388,370,1400,393,1,1,4,8,14,"Históricamente,",1394,382,4,10
 ,1400,370,1427,393,1,1,4,8,15,"Históricamente,",1414,382,4,10
l,1427,370,1438,393,1,1,4,9,0,las,1432,382,4,10
a,1438,370,1456,393,1,1,4,9,1,las,1447,382,4,10
s,1456,370,1472,393,1,1,4,9,2,las,1464,382,4,10
 ,1472,370,1494,393,1,1,4,9,3,las,1483,382,4,10
c,1494,370,1507,393,1,1,4,10,0,causas,1500,382,4,10
a,1507,370,1524,393,1,1,4,10,1,causas,1516,382,4,10
u,1524,370,1541,393,1,1,4,10,2,causas,1532,382,4,10
s,1541,370,1557,393,1,1,4,10,3,causas,1549,382,4,10
a,1557,370,1575,393,1,1,4,10,4,causas,1566,382,4,10
s,1575,370,1591,393,1,1,4,10,5,causas,1583,382,4,10
p,201,426,215,449,1,1,5,1,0,propuestas,208,438,5,10
r,215,426,232,449,1,1,5,1,1,propuestas,224,438,5,10
o,232,426,249,449,1,1,5,1,2,propuestas,240,438,5,10
p,249,426,266,449,1,1,5,1,3,propuestas,258,438,5,10
u,266,426,283,449,1,1,5,1,4,propuestas,274,438,5,10
e,283,426,300,449,1,1,5,1,5,propuestas,292,438,5,10
s,300,426,316,449,1,1,5,1,6,propuestas,308,438,5,10
t,316,426,334,449,1,1,5,1,7,propuestas,325,438,5,10
a,334,426,351,449,1,1,5,1,8,propuestas,342,438,5,10
s,351,426,367,449,1,1,5,1,9,propuestas,359,438,5,10
 ,367,426,388,449,1,1,5,1,10,propuestas,378,438,5,10
p,388,426,402,449,1,1,5,2,0,para,395,438,5,10
a,402,426,419,449,1,1,5,2,1,para,410,438,5,10
r,419,426,436,449,1,1,5,2,2,para,428,438,5,10
a,436,426,453,449,1,1,5,2,3,para,444,438,5,10
 ,453,426,474,449,1,1,5,2,4,para,464,438,5,10
e,474,426,487,449,1,1,5,3,0,explicar,480,438,5,10
x,487,426,504,449,1,1,5,3,1,explicar,496,438,5,10
p,504,426,521,449,1,1,5,3,2,explicar,512,438,5,10
l,521,426,537,449,1,1,5,3,3,explicar,529,438,5,10
i,537,426,554,449,1,1,5,3,4,explicar,546,438,5,10
c,554,426,572,449,1,1,5,3,5,explicar,563,438,5,10
a,572,426,589,449,1,1,5,3,6,explicar,580,438,5,10
r,589,426,606,449,1,1,5,3,7,explicar,598,438,5,10
 ,606,426,628,449,1,1,5,3,8,explicar,617,438,5,10
s,628,426,639,449,1,1,5,4,0,su,634,438,5,10
u,639,426,657,449,1,1,5,4,1,su,648,438,5,10
 ,657,426,678,449,1,1,5,4,2,su,668,438,5,10
e,678,426,691,449,1,1,5,5,0,extinción,684,438,5,10
x,691,426,708,449,1,1,5,5,1,extinción,700,438,5,10
t,708,426,725,449,1,1,5,5,2,extinción,716,438,5,10
i,725,426,741,449,1,1,5,5,3,extinción,733,438,5,10
n,741,426,759,449,1,1,5,5,4,extinción,750,438,5,10
c,759,426,776,449,1,1,5,5,5,extinción,768,438,5,10
i,776,426,792,449,1,1,5,5,6,extinción,784,438,5,10
ó,792,426,810,449,1,1,5,5,7,extinción,801,438,5,10
n,810,426,827,449,1,1,5,5,8,extinción,818,438,5,10
 ,827,426,847,449,1,1,5,5,9,extinción,837,438,5,10
h,847,426,861,449,1,1,5,6,0,han,854,438,5,10
a,861,426,878,449,1,1,5,6,1,han,870,438,5,10
n,878,426,895,449,1,1,5,6,2,han,886,438,5,10
 ,895,426,917,449,1,1,5,6,3,han,906,438,5,10
s,917,426,928,449,1,1,5,7,0,sido,922,438,5,10
i,928,426,945,449,1,1,5,7,1,sido,936,438,5,10
d,945,426,964,449,1,1,5,7,2,sido,954,438,5,10
o,964,426,980,449,1,1,5,7,3,sido,972,438,5,10
 ,980,426,999,449,1,1,5,7,4,sido,990,438,5,10
m,999,426,1016,449,1,1,5,8,0,muy,1008,438,5,10
u,1016,426,1031,449,1,1,5,8,1,muy,1024,438,5,10
y,1031,426,1049,449,1,1,5,8,2,muy,1040,438,5,10
 ,1049,426,1068,449,1,1,5,8,3,muy,1058,438,5,10
v,1068,426,1083,449,1,1,5,9,0,"variopintas,",1076,438,5,10
a,1083,426,1099,449,1,1,5,9,1,"variopintas,",1091,438,5,10
r,1099,426,1116,449,1,1,5,9,2,"variopintas,",1108,438,5,10
i,1116,426,1132,449,1,1,5,9,3,"variopintas,",1124,438,5,10
o,1132,426,1150,449,1,1,5,9,4,"variopintas,",1141,438,5,10
p,1150,426,1167,449,1,1,5,9,5,"variopintas,",1158,438,5,10
i,1167,426,1183,449,1,1,5,9,6,"variopintas,",1175,438,5,10
n,1183,426,1201,449,1,1,5,9,7,"variopintas,",1192,438,5,10
t,1201,426,1218,449,1,1,5,9,8,"variopintas,",1210,438,5,10
a,1218,426,1235,449,1,1,5,9,9,"variopintas,",1226,438,5,10
s,1235,426,1251,449,1,1,5,9,10,"variopintas,",1243,438,5,10
",",1251,426,1264,449,1,1,5,9,11,"variopintas,",1258,438,5,10
 ,1264,426,1290,449,1,1,5,9,12,"variopintas,",1277,438,5,10
a,1290,426,1303,449,1,1,5,10,0,algunas,1296,438,5,10
l,1303,426,1319,449,1,1,5,10,1,algunas,1311,438,5,10
g,1319,426,1338,449,1,1,5,10,2,algunas,1328,438,5,10
u,1338,426,1354,449,1,1,5,10,3,algunas,1346,438,5,10
n,1354,426,1371,449,1,1,5,10,4,algunas,1362,438,5,10
a,1371,426,1388,449,1,1,5,10,5,algunas,1380,438,5,10
s,1388,426,1404,449,1,1,5,10,6,algunas,1396,438,5,10
 ,1404,426,1427,449,1,1,5,10,7,algunas,1416,438,5,10
s,1427,426,1438,449,1,1,5,11,0,surgidas,1432,438,5,10
u,1438,426,1456,449,1,1,5,11,1,surgidas,1447,438,5,10
r,1456,426,1473,449,1,1,5,11,2,surgidas,1464,438,5,10
g,1473,426,1491,449,1,1,5,11,3,surgidas,1482,438,5,10
i,1491,426,1506,449,1,1,5,11,4,surgidas,1498,438,5,10
d,1506,426,1525,449,1,1,5,11,5,surgidas,1516,438,5,10
a,1525,426,1541,449,1,1,5,11,6,surgidas,1533,438,5,10
s,1541,426,1557,449,1,1,5,11,7,surgidas,1549,438,5,10
s,203,482,214,505,1,1,6,1,0,sencillamente,208,494,6,10
e,214,482,232,505,1,1,6,1,1,sencillamente,223,494,6,10
n,232,482,249,505,1,1,6,1,2,sencillamente,240,494,6,10
c,249,482,266,505,1,1,6,1,3,sencillamente,258,494,6,10
i,266,482,282,505,1,1,6,1,4,sencillamente,274,494,6,10
l,282,482,299,505,1,1,6,1,5,sencillamente,290,494,6,10
l,299,482,316,505,1,1,6,1,6,sencillamente,308,494,6,10
a,316,482,334,505,1,1,6,1,7,sencillamente,325,494,6,10
m,334,482,353,505,1,1,6,1,8,sencillamente,344,494,6,10
e,353,482,368,505,1,1,6,1,9,sencillamente,360,494,6,10
n,368,482,385,505,1,1,6,1,10,sencillamente,376,494,6,10
t,385,482,402,505,1,1,6,1,11,sencillamente,394,494,6,10
e,402,482,419,505,1,1,6,1,12,sencillamente,410,494,6,10
 ,419,482,440,505,1,1,6,1,13,sencillamente,430,494,6,10
d,440,482,454,505,1,1,6,2,0,del,447,494,6,10
e,454,482,470,505,1,1,6,2,1,del,462,494,6,10
l,470,482,486,505,1,1,6,2,2,del,478,494,6,10
 ,486,482,506,505,1,1,6,2,3,del,496,494,6,10
m,506,482,523,505,1,1,6,3,0,mundo,514,494,6,10
u,523,482,538,505,1,1,6,3,1,mundo,530,494,6,10
n,538,482,555,505,1,1,6,3,2,mundo,546,494,6,10
d,555,482,573,505,1,1,6,3,3,mundo,564,494,6,10
o,573,482,589,505,1,1,6,3,4,mundo,581,494,6,10
 ,589,482,610,505,1,1,6,3,5,mundo,600,494,6,10
d,610,482,624,505,1,1,6,4,0,de,617,494,6,10
e,624,482,640,505,1,1,6,4,1,de,632,494,6,10
 ,640,482,662,505,1,1,6,4,2,de,651,494,6,10
l,662,482,673,505,1,1,6,5,0,la,668,494,6,10
a,673,482,691,505,1,1,6,5,1,la,682,494,6,10
 ,691,482,713,505,1,1,6,5,2,la,702,494,6,10
i,713,482,724,505,1,1,6,6,0,imaginación,718,494,6,10
m,724,482,744,505,1,1,6,6,1,imaginación,734,494,6,10
a,744,482,759,505,1,1,6,6,2,imaginación,752,494,6,10
g,759,482,777,505,1,1,6,6,3,imaginación,768,494,6,10
i,777,482,792,505,1,1,6,6,4,imaginación,784,494,6,10
n,792,482,810,505,1,1,6,6,5,imaginación,801,494,6,10
a,810,482,827,505,1,1,6,6,6,imaginación,818,494,6,10
c,827,482,844,505,1,1,6,6,7,imaginación,836,494,6,10
i,844,482,860,505,1,1,6,6,8,imaginación,852,494,6,10
ó,860,482,878,505,1,1,6,6,9,imaginación,869,494,6,10
n,878,482,895,505,1,1,6,6,10,imaginación,886,494,6,10
 ,895,482,916,505,1,1,6,6,11,imaginación,906,494,6,10
y,916,482,930,505,1,1,6,7,0,y,923,494,6,10
 ,930,482,950,505,1,1,6,7,1,y,940,494,6,10
o,950,482,963,505,1,1,6,8,0,otras,956,494,6,10
t,963,482,980,505,1,1,6,8,1,otras,972,494,6,10
r,980,482,997,505,1,1,6,8,2,otras,988,494,6,10
a,997,482,1014,505,1,1,6,8,3,otras,1006,494,6,10
s,1014,482,1030,505,1,1,6,8,4,otras,1022,494,6,10
 ,1030,482,1050,505,1,1,6,8,5,otras,1040,494,6,10
m,1050,482,1067,505,1,1,6,9,0,más,1058,494,6,10
á,1067,482,1082,505,1,1,6,9,1,más,1074,494,6,10
s,1082,482,1098,505,1,1,6,9,2,más,1090,494,6,10
 ,1098,482,1119,505,1,1,6,9,3,más,1108,494,6,10
p,1119,482,1133,505,1,1,6,10,0,propias,1126,494,6,10
r,1133,482,1150,505,1,1,6,10,1,propias,1142,494,6,10
o,1150,482,1167,505,1,1,6,10,2,propias,1158,494,6,10
p,1167,482,1184,505,1,1,6,10,3,propias,1176,494,6,10
i,1184,482,1200,505,1,1,6,10,4,propias,1192,494,6,10
a,1200,482,1218,505,1,1,6,10,5,propias,1209,494,6,10
s,1218,482,1234,505,1,1,6,10,6,propias,1226,494,6,10
 ,1234,482,1256,505,1,1,6,10,7,propias,1245,494,6,10
d,1256,482,1270,505,1,1,6,11,0,del,1263,494,6,10
e,1270,482,1286,505,1,1,6,11,1,del,1278,494,6,10
l,1286,482,1302,505,1,1,6,11,2,del,1294,494,6,10
 ,1302,482,1324,505,1,1,6,11,3,del,1313,494,6,10
d,1324,482,1338,505,1,1,6,12,0,dominio,1331,494,6,10
o,1338,482,1354,505,1,1,6,12,1,dominio,1346,494,6,10
m,1354,482,1373,505,1,1,6,12,2,dominio,1364,494,6,10
i,1373,482,1387,505,1,1,6,12,3,dominio,1380,494,6,10
n,1387,482,1405,505,1,1,6,12,4,dominio,1396,494,6,10
i,1405,482,1421,505,1,1,6,12,5,dominio,1413,494,6,10
o,1421,482,1439,505,1,1,6,12,6,dominio,1430,494,6,10
 ,1439,482,1460,505,1,1,6,12,7,dominio,1450,494,6,10
c,1460,482,1473,505,1,1,6,13,0,científico.,1466,494,6,10
i,1473,482,1489,505,1,1,6,13,1,científico.,1481,494,6,10
e,1489,482,1507,505,1,1,6,13,2,científico.,1498,494,6,10
n,1507,482,1524,505,1,1,6,13,3,científico.,1516,494,6,10
t,1524,482,1541,505,1,1,6,13,4,científico.,1532,494,6,10
í,1541,482,1557,505,1,1,6,13,5,científico.,1549,494,6,10
f,1557,482,1575,505,1,1,6,13,6,científico.,1566,494,6,10
i,1575,482,1591,505,1,1,6,13,7,científico.,1583,494,6,10
c,1591,482,1609,505,1,1,6,13,8,científico.,1600,494,6,10
o,1609,482,1620,505,1,1,6,13,9,científico.,1614,494,6,10
.,1620,482,1638,505,1,1,6,13,10,científico.,1629,494,6,10
E,201,538,215,561,1,1,7,1,0,Entre,208,550,7,10
n,215,538,232,561,1,1,7,1,1,Entre,224,550,7,10
t,232,538,249,561,1,1,7,1,2,Entre,240,550,7,10
r,249,538,266,561,1,1,7,1,3,Entre,258,550,7,10
e,266,538,283,561,1,1,7,1,4,Entre,274,550,7,10
 ,283,538,304,561,1,1,7,1,5,Entre,294,550,7,10
e,304,538,317,561,1,1,7,2,0,estas,310,550,7,10
s,317,538,333,561,1,1,7,2,1,estas,325,550,7,10
t,333,538,351,561,1,1,7,2,2,estas,342,550,7,10
a,351,538,368,561,1,1,7,2,3,estas,360,550,7,10
s,368,538,384,561,1,1,7,2,4,estas,376,550,7,10
 ,384,538,405,561,1,1,7,2,5,estas,394,550,7,10
ú,405,538,419,561,1,1,7,3,0,"últimas,",412,550,7,10
l,419,538,435,561,1,1,7,3,1,"últimas,",427,550,7,10
t,435,538,453,561,1,1,7,3,2,"últimas,",444,550,7,10
i,453,538,469,561,1,1,7,3,3,"últimas,",461,550,7,10
m,469,538,489,561,1,1,7,3,4,"últimas,",479,550,7,10
a,489,538,504,561,1,1,7,3,5,"últimas,",496,550,7,10
s,504,538,520,561,1,1,7,3,6,"últimas,",512,550,7,10
",",520,538,533,561,1,1,7,3,7,"últimas,",526,550,7,10
 ,533,538,560,561,1,1,7,3,8,"últimas,",546,550,7,10
l,560,538,571,561,1,1,7,4,0,las,566,550,7,10
a,571,538,589,561,1,1,7,4,1,las,580,550,7,10
s,589,538,605,561,1,1,7,4,2,las,597,550,7,10
 ,605,538,626,561,1,1,7,4,3,las,616,550,7,10
h,626,538,640,561,1,1,7,5,0,hipótesis,633,550,7,10
i,640,538,656,561,1,1,7,5,1,hipótesis,648,550,7,10
p,656,538,674,561,1,1,7,5,2,hipótesis,665,550,7,10
ó,674,538,691,561,1,1,7,5,3,hipótesis,682,550,7,10
t,691,538,708,561,1,1,7,5,4,hipótesis,700,550,7,10
e,708,538,725,561,1,1,7,5,5,hipótesis,716,550,7,10
s,725,538,741,561,1,1,7,5,6,hipótesis,733,550,7,10
i,741,538,758,561,1,1,7,5,7,hipótesis,750,550,7,10
s,758,538,775,561,1,1,7,5,8,hipótesis,766,550,7,10
 ,775,538,798,561,1,1,7,5,9,hipótesis,786,550,7,10
s,798,538,809,561,1,1,7,6,0,se,804,550,7,10
e,809,538,827,561,1,1,7,6,1,se,818,550,7,10
 ,827,538,847,561,1,1,7,6,2,se,837,550,7,10
p,847,538,861,561,1,1,7,7,0,pueden,854,550,7,10
u,861,538,878,561,1,1,7,7,1,pueden,870,550,7,10
e,878,538,895,561,1,1,7,7,2,pueden,886,550,7,10
d,895,538,913,561,1,1,7,7,3,pueden,904,550,7,10
e,913,538,929,561,1,1,7,7,4,pueden,921,550,7,10
n,929,538,946,561,1,1,7,7,5,pueden,938,550,7,10
 ,946,538,967,561,1,1,7,7,6,pueden,956,550,7,10
a,967,538,980,561,1,1,7,8,0,agrupar,974,550,7,10
g,980,538,998,561,1,1,7,8,1,agrupar,989,550,7,10
r,998,538,1014,561,1,1,7,8,2,agrupar,1006,550,7,10
u,1014,538,1031,561,1,1,7,8,3,agrupar,1022,550,7,10
p,1031,538,1048,561,1,1,7,8,4,agrupar,1040,550,7,10
a,1048,538,1065,561,1,1,7,8,5,agrupar,1056,550,7,10
r,1065,538,1082,561,1,1,7,8,6,agrupar,1074,550,7,10
 ,1082,538,1104,561,1,1,7,8,7,agrupar,1093,550,7,10
s,1104,538,1115,561,1,1,7,9,0,según,1110,550,7,10
e,1115,538,1133,561,1,1,7,9,1,según,1124,550,7,10
g,1133,538,1151,561,1,1,7,9,2,según,1142,550,7,10
ú,1151,538,1167,561,1,1,7,9,3,según,1159,550,7,10
n,1167,538,1184,561,1,1,7,9,4,según,1176,550,7,10
 ,1184,538,1206,561,1,1,7,9,5,según,1195,550,7,10
l,1206,538,1217,561,1,1,7,10,0,la,1212,550,7,10
a,1217,538,1235,561,1,1,7,10,1,la,1226,550,7,10
 ,1235,538,1256,561,1,1,7,10,2,la,1246,550,7,10
n,1256,538,1269,561,1,1,7,11,0,naturaleza,1262,550,7,10
a,1269,538,1286,561,1,1,7,11,1,naturaleza,1278,550,7,10
t,1286,538,1303,561,1,1,7,11,2,naturaleza,1294,550,7,10
u,1303,538,1320,561,1,1,7,11,3,naturaleza,1312,550,7,10
r,1320,538,1337,561,1,1,7,11,4,naturaleza,1328,550,7,10
a,1337,538,1354,561,1,1,7,11,5,naturaleza,1346,550,7,10
l,1354,538,1370,561,1,1,7,11,6,naturaleza,1362,550,7,10
e,1370,538,1388,561,1,1,7,11,7,naturaleza,1379,550,7,10
z,1388,538,1404,561,1,1,7,11,8,naturaleza,1396,550,7,10
a,1404,538,1422,561,1,1,7,11,9,naturaleza,1413,550,7,10
 ,1422,538,1443,561,1,1,7,11,10,naturaleza,1432,550,7,10
d,1443,538,1457,561,1,1,7,12,0,de,1450,550,7,10
e,1457,538,1473,561,1,1,7,12,1,de,1465,550,7,10
 ,1473,538,1495,561,1,1,7,12,2,de,1484,550,7,10
l,1495,538,1506,561,1,1,7,13,0,las,1500,550,7,10
a,1506,538,1524,561,1,1,7,13,1,las,1515,550,7,10
s,1524,538,1540,561,1,1,7,13,2,las,1532,550,7,10
 ,1540,538,1562,561,1,1,7,13,3,las,1551,550,7,10
c,1562,538,1575,561,1,1,7,14,0,causas:,1568,550,7,10
a,1575,538,1592,561,1,1,7,14,1,causas:,1584,550,7,10
u,1592,538,1609,561,1,1,7,14,2,causas:,1600,550,7,10
s,1609,538,1625,561,1,1,7,14,3,causas:,1617,550,7,10
a,1625,538,1643,561,1,1,7,14,4,causas:,1634,550,7,10
s,1643,538,1659,561,1,1,7,14,5,causas:,1651,550,7,10
:,1659,538,1673,561,1,1,7,14,6,causas:,1666,550,7,10
f,203,594,215,617,1,1,8,1,0,"fisiológicas,",209,606,8,10
i,215,594,231,617,1,1,8,1,1,"fisiológicas,",223,606,8,10
s,231,594,248,617,1,1,8,1,2,"fisiológicas,",240,606,8,10
i,248,594,265,617,1,1,8,1,3,"fisiológicas,",256,606,8,10
o,265,594,283,617,1,1,8,1,4,"fisiológicas,",274,606,8,10
l,283,594,299,617,1,1,8,1,5,"fisiológicas,",291,606,8,10
ó,299,594,317,617,1,1,8,1,6,"fisiológicas,",308,606,8,10
g,317,594,335,617,1,1,8,1,7,"fisiológicas,",326,606,8,10
i,335,594,350,617,1,1,8,1,8,"fisiológicas,",342,606,8,10
c,350,594,368,617,1,1,8,1,9,"fisiológicas,",359,606,8,10
a,368,594,385,617,1,1,8,1,10,"fisiológicas,",376,606,8,10
s,385,594,401,617,1,1,8,1,11,"fisiológicas,",393,606,8,10
",",401,594,414,617,1,1,8,1,12,"fisiológicas,",408,606,8,10
 ,414,594,440,617,1,1,8,1,13,"fisiológicas,",427,606,8,10
e,440,594,453,617,1,1,8,2,0,ecológicas,446,606,8,10
c,453,594,470,617,1,1,8,2,1,ecológicas,462,606,8,10
o,470,594,487,617,1,1,8,2,2,ecológicas,478,606,8,10
l,487,594,503,617,1,1,8,2,3,ecológicas,495,606,8,10
ó,503,594,521,617,1,1,8,2,4,ecológicas,512,606,8,10
g,521,594,539,617,1,1,8,2,5,ecológicas,530,606,8,10
i,539,594,554,617,1,1,8,2,6,ecológicas,546,606,8,10
c,554,594,572,617,1,1,8,2,7,ecológicas,563,606,8,10
a,572,594,589,617,1,1,8,2,8,ecológicas,580,606,8,10
s,589,594,605,617,1,1,8,2,9,ecológicas,597,606,8,10
 ,605,594,627,617,1,1,8,2,10,ecológicas,616,606,8,10
o,627,594,640,617,1,1,8,3,0,o,634,606,8,10
 ,640,594,660,617,1,1,8,3,1,o,650,606,8,10
p,660,594,674,617,1,1,8,4,0,puramente,667,606,8,10
u,674,594,691,617,1,1,8,4,1,puramente,682,606,8,10
r,691,594,708,617,1,1,8,4,2,puramente,700,606,8,10
a,708,594,725,617,1,1,8,4,3,puramente,716,606,8,10
m,725,594,744,617,1,1,8,4,4,puramente,734,606,8,10
e,744,594,759,617,1,1,8,4,5,puramente,752,606,8,10
n,759,594,776,617,1,1,8,4,6,puramente,768,606,8,10
t,776,594,793,617,1,1,8,4,7,puramente,784,606,8,10
e,793,594,810,617,1,1,8,4,8,puramente,802,606,8,10
 ,810,594,831,617,1,1,8,4,9,puramente,820,606,8,10
a,831,594,844,617,1,1,8,5,0,ambientales.,838,606,8,10
m,844,594,863,617,1,1,8,5,1,ambientales.,854,606,8,10
b,863,594,878,617,1,1,8,5,2,ambientales.,870,606,8,10
i,878,594,894,617,1,1,8,5,3,ambientales.,886,606,8,10
e,894,594,912,617,1,1,8,5,4,ambientales.,903,606,8,10
n,912,594,929,617,1,1,8,5,5,ambientales.,920,606,8,10
t,929,594,946,617,1,1,8,5,6,ambientales.,938,606,8,10
a,946,594,963,617,1,1,8,5,7,ambientales.,954,606,8,10
l,963,594,979,617,1,1,8,5,8,ambientales.,971,606,8,10
e,979,594,997,617,1,1,8,5,9,ambientales.,988,606,8,10
s,997,594,1013,617,1,1,8,5,10,ambientales.,1005,606,8,10
.,1013,594,1026,617,1,1,8,5,11,ambientales.,1020,606,8,10
 ,1026,594,1050,617,1,1,8,5,12,ambientales.,1038,606,8,10
A,1050,594,1067,617,1,1,8,6,0,A,1058,606,8,10
 ,1067,594,1086,617,1,1,8,6,1,A,1076,606,8,10
e,1086,594,1099,617,1,1,8,7,0,estas,1092,606,8,10
s,1099,594,1115,617,1,1,8,7,1,estas,1107,606,8,10
t,1115,594,1133,617,1,1,8,7,2,estas,1124,606,8,10
a,1133,594,1150,617,1,1,8,7,3,estas,1142,606,8,10
s,1150,594,1166,617,1,1,8,7,4,estas,1158,606,8,10
 ,1166,594,1188,617,1,1,8,7,5,estas,1177,606,8,10
c,1188,594,1201,617,1,1,8,8,0,cabría,1194,606,8,10
a,1201,594,1218,617,1,1,8,8,1,cabría,1210,606,8,10
b,1218,594,1235,617,1,1,8,8,2,cabría,1226,606,8,10
r,1235,594,1252,617,1,1,8,8,3,cabría,1244,606,8,10
í,1252,594,1268,617,1,1,8,8,4,cabría,1260,606,8,10
a,1268,594,1286,617,1,1,8,8,5,cabría,1277,606,8,10
 ,1286,594,1307,617,1,1,8,8,6,cabría,1296,606,8,10
a,1307,594,1320,617,1,1,8,9,0,añadir,1314,606,8,10
ñ,1320,594,1337,617,1,1,8,9,1,añadir,1328,606,8,10
a,1337,594,1354,617,1,1,8,9,2,añadir,1346,606,8,10
d,1354,594,1372,617,1,1,8,9,3,añadir,1363,606,8,10
i,1372,594,1387,617,1,1,8,9,4,añadir,1380,606,8,10
r,1387,594,1405,617,1,1,8,9,5,añadir,1396,606,8,10
 ,1405,594,1425,617,1,1,8,9,6,añadir,1415,606,8,10
p,1425,594,1439,617,1,1,8,10,0,posibles,1432,606,8,10
o,1439,594,1456,617,1,1,8,10,1,posibles,1448,606,8,10
s,1456,594,1472,617,1,1,8,10,2,posibles,1464,606,8,10
i,1472,594,1489,617,1,1,8,10,3,posibles,1480,606,8,10
b,1489,594,1507,617,1,1,8,10,4,posibles,1498,606,8,10
l,1507,594,1523,617,1,1,8,10,5,posibles,1515,606,8,10
e,1523,594,1541,617,1,1,8,10,6,posibles,1532,606,8,10
s,1541,594,1557,617,1,1,8,10,7,posibles,1549,606,8,10
 ,1557,594,1579,617,1,1,8,10,8,posibles,1568,606,8,10
c,1579,594,1592,617,1,1,8,11,0,causas,1586,606,8,10
a,1592,594,1609,617,1,1,8,11,1,causas,1600,606,8,10
u,1609,594,1626,617,1,1,8,11,2,causas,1618,606,8,10
s,1626,594,1642,617,1,1,8,11,3,causas,1634,606,8,10
a,1642,594,1660,617,1,1,8,11,4,causas,1651,606,8,10
s,1660,594,1676,617,1,1,8,11,5,causas,1668,606,8,10
 ,1676,594,1698,617,1,1,8,11,6,causas,1687,606,8,10
d,1698,594,1712,617,1,1,8,12,0,de,1705,606,8,10
e,1712,594,1728,617,1,1,8,12,1,de,1720,606,8,10
d,202,650,216,673,1,1,9,1,0,determinación,209,662,9,10
e,216,650,232,673,1,1,9,1,1,determinación,224,662,9,10
t,232,650,249,673,1,1,9,1,2,determinación,240,662,9,10
e,249,650,266,673,1,1,9,1,3,determinación,258,662,9,10
r,266,650,283,673,1,1,9,1,4,determinación,274,662,9,10
m,283,650,302,673,1,1,9,1,5,determinación,292,662,9,10
i,302,650,316,673,1,1,9,1,6,determinación,309,662,9,10
n,316,650,334,673,1,1,9,1,7,determinación,325,662,9,10
a,334,650,351,673,1,1,9,1,8,determinación,342,662,9,10
c,351,650,368,673,1,1,9,1,9,determinación,360,662,9,10
i,368,650,384,673,1,1,9,1,10,determinación,376,662,9,10
ó,384,650,402,673,1,1,9,1,11,determinación,393,662,9,10
n,402,650,419,673,1,1,9,1,12,determinación,410,662,9,10
 ,419,650,440,673,1,1,9,1,13,determinación,430,662,9,10
g,440,650,454,673,1,1,9,2,0,genética,447,662,9,10
e,454,650,470,673,1,1,9,2,1,genética,462,662,9,10
n,470,650,487,673,1,1,9,2,2,genética,478,662,9,10
é,487,650,504,673,1,1,9,2,3,genética,496,662,9,10
t,504,650,521,673,1,1,9,2,4,genética,512,662,9,10
i,521,650,537,673,1,1,9,2,5,genética,529,662,9,10
c,537,650,555,673,1,1,9,2,6,genética,546,662,9,10
a,555,650,572,673,1,1,9,2,7,genética,564,662,9,10
 ,572,650,593,673,1,1,9,2,8,genética,582,662,9,10
n,593,650,606,673,1,1,9,3,0,no,600,662,9,10
o,606,650,623,673,1,1,9,3,1,no,614,662,9,10
 ,623,650,644,673,1,1,9,3,2,no,634,662,9,10
a,644,650,657,673,1,1,9,4,0,ambientalista.,650,662,9,10
m,657,650,676,673,1,1,9,4,1,ambientalista.,666,662,9,10
b,676,650,691,673,1,1,9,4,2,ambientalista.,684,662,9,10
i,691,650,707,673,1,1,9,4,3,ambientalista.,699,662,9,10
e,707,650,725,673,1,1,9,4,4,ambientalista.,716,662,9,10
n,725,650,742,673,1,1,9,4,5,ambientalista.,734,662,9,10
t,742,650,759,673,1,1,9,4,6,ambientalista.,750,662,9,10
a,759,650,776,673,1,1,9,4,7,ambientalista.,768,662,9,10
l,776,650,792,673,1,1,9,4,8,ambientalista.,784,662,9,10
i,792,650,809,673,1,1,9,4,9,ambientalista.,800,662,9,10
s,809,650,826,673,1,1,9,4,10,ambientalista.,818,662,9,10
t,826,650,844,673,1,1,9,4,11,ambientalista.,835,662,9,10
a,844,650,861,673,1,1,9,4,12,ambientalista.,852,662,9,10
.,861,650,873,673,1,1,9,4,13,ambientalista.,867,662,9,10
