Trial;Trial Start Raw Time [ms];Stimulus;Export Start Trial Time [ms];Export End Trial Time [ms];Participant;Color;Tracking Ratio [%];Category Group;Category;Eye L/R;Index;Event Start Trial Time [ms];Event End Trial Time [ms];Event Start Raw Time [ms];Event End Raw Time [ms];Event Duration [ms];Fixation Position X [px];Fixation Position Y [px];Fixation Average Pupil Size X [px];Fixation Average Pupil Size Y [px];Fixation Average Pupil Diameter [mm];Fixation Dispersion X [px];Fixation Dispersion Y [px];AOI Name
Trial004;1739439978157.6;10.png;0.0;50646.2;Prueba3reslucion;Cyan;100.0;Eye;Fixation;Right;1;235.9;396.0;1739439978393.5;1739439978553.6;160.1;841.2;125.1;3.5;3.5;3.5;20.0;32.2;White Space
Trial004;1739439978157.6;10.png;0.0;50646.2;Prueba3reslucion;Cyan;100.0;Eye;Fixation;Right;2;428.0;647.9;1739439978585.6;1739439978805.5;219.9;761.5;97.7;3.5;3.5;3.5;14.8;26.3;White Space
Trial004;1739439978157.6;10.png;0.0;50646.2;Prueba3reslucion;Cyan;100.0;Eye;Fixation;Right;3;671.9;799.7;1739439978829.5;1739439978957.3;127.8;697.0;104.3;3.5;3.5;3.5;10.9;15.2;White Space
Trial004;1739439978157.6;10.png;0.0;50646.2;Prueba3reslucion;Cyan;100.0;Eye;Fixation;Right;4;823.8;1363.8;1739439978981.4;1739439979521.4;540.0;721.7;114.2;3.5;3.5;3.5;25.4;62.8;White Space
Trial004;1739439978157.6;10.png;0.0;50646.2;Prueba3reslucion;Cyan;100.0;Eye;Fixation;Right;5;1391.7;1815.5;1739439979549.3;1739439979973.1;423.8;837.2;78.3;3.5;3.5;3.5;22.1;56.1;White Space
Trial004;1739439978157.6;10.png;0.0;50646.2;Prueba3reslucion;Cyan;100.0;Eye;Fixation;Right;6;1851.5;2191.4;1739439980009.2;1739439980349.0;339.8;1041.2;91.4;3.6;3.6;3.6;19.1;60.5;White Space
Trial004;1739439978157.6;10.png;0.0;50646.2;Prueba3reslucion;Cyan;100.0;Eye;Fixation;Right;7;2223.4;2667.3;1739439980381.0;1739439980824.9;443.9;1185.4;107.3;3.5;3.5;3.5;20.2;38.5;White Space
Trial004;1739439978157.6;10.png;0.0;50646.2;Prueba3reslucion;Cyan;100.0;Eye;Fixation;Right;8;2683.4;2963.2;1739439980841.0;1739439981120.8;279.8;1236.8;90.9;3.6;3.6;3.6;25.8;63.4;White Space
Trial004;1739439978157.6;10.png;0.0;50646.2;Prueba3reslucion;Cyan;100.0;Eye;Fixation;Right;9;3011.3;3607.1;1739439981168.9;1739439981764.7;595.8;801.2;106.9;3.6;3.6;3.6;20.4;40.2;White Space
Trial004;1739439978157.6;10.png;0.0;50646.2;Prueba3reslucion;Cyan;100.0;Eye;Fixation;Right;10;3635.1;4223.0;1739439981792.7;1739439982380.6;587.9;696.6;90.0;3.6;3.6;3.6;22.3;53.6;White Space
Trial004;1739439978157.6;10.png;0.0;50646.2;Prueba3reslucion;Cyan;100.0;Eye;Fixation;Right;11;4254.9;4722.8;1739439982412.5;1739439982880.4;467.9;852.5;113.9;3.7;3.7;3.7;23.0;38.1;White Space
Trial004;1739439978157.6;10.png;0.0;50646.2;Prueba3reslucion;Cyan;100.0;Eye;Fixation;Right;12;4750.8;5170.7;1739439982908.4;1739439983328.3;419.9;980.0;112.1;3.7;3.7;3.7;25.4;28.9;White Space
Trial004;1739439978157.6;10.png;0.0;50646.2;Prueba3reslucion;Cyan;100.0;Eye;Fixation;Right;13;5262.6;5522.6;1739439983420.3;1739439983680.2;259.9;1162.1;112.3;3.6;3.6;3.6;15.5;30.3;White Space
Trial004;1739439978157.6;10.png;0.0;50646.2;Prueba3reslucion;Cyan;100.0;Eye;Fixation;Right;14;5546.7;5810.5;1739439983704.3;1739439983968.1;263.8;1222.3;96.6;3.5;3.5;3.5;17.6;18.1;White Space
Trial004;1739439978157.6;10.png;0.0;50646.2;Prueba3reslucion;Cyan;100.0;Eye;Fixation;Right;15;5894.6;6018.4;1739439984052.2;1739439984176.0;123.8;238.9;184.9;3.5;3.5;3.5;34.8;50.1;White Space
Trial004;1739439978157.6;10.png;0.0;50646.2;Prueba3reslucion;Cyan;100.0;Eye;Fixation;Right;16;6034.4;6246.3;1739439984192.0;1739439984403.9;211.9;240.6;197.4;3.6;3.6;3.6;41.4;41.6;White Space
Trial004;1739439978157.6;10.png;0.0;50646.2;Prueba3reslucion;Cyan;100.0;Eye;Fixation;Right;17;6290.4;6686.3;1739439984448.0;1739439984843.9;395.9;290.9;220.8;3.4;3.4;3.4;51.3;54.0;White Space
Trial004;1739439978157.6;10.png;0.0;50646.2;Prueba3reslucion;Cyan;100.0;Eye;Fixation;Right;18;6722.3;7042.2;1739439984879.9;1739439985199.8;319.9;491.9;212.2;3.5;3.5;3.5;25.0;22.4;White Space
Trial004;1739439978157.6;10.png;0.0;50646.2;Prueba3reslucion;Cyan;100.0;Eye;Fixation;Right;19;7070.2;7290.1;1739439985227.8;1739439985447.7;219.9;611.0;209.0;3.5;3.5;3.5;18.9;29.3;White Space
Trial004;1739439978157.6;10.png;0.0;50646.2;Prueba3reslucion;Cyan;100.0;Eye;Fixation;Right;20;7322.1;7574.1;1739439985479.7;1739439985731.7;252.0;783.4;229.6;3.4;3.4;3.4;36.7;52.0;White Space
Trial004;1739439978157.6;10.png;0.0;50646.2;Prueba3reslucion;Cyan;100.0;Eye;Fixation;Right;21;7598.0;7738.0;1739439985755.6;1739439985895.6;140.0;724.4;227.4;3.4;3.4;3.5;14.8;40.6;White Space
Trial004;1739439978157.6;10.png;0.0;50646.2;Prueba3reslucion;Cyan;100.0;Eye;Fixation;Right;22;7774.1;8161.9;1739439985931.7;1739439986319.5;387.9;538.9;187.2;3.5;3.5;3.5;26.5;32.8;White Space
Trial004;1739439978157.6;10.png;0.0;50646.2;Prueba3reslucion;Cyan;100.0;Eye;Fixation;Right;23;8202.1;8465.8;1739439986359.7;1739439986623.4;263.7;732.4;221.0;3.5;3.5;3.5;18.9;25.7;White Space
Trial004;1739439978157.6;10.png;0.0;50646.2;Prueba3reslucion;Cyan;100.0;Eye;Fixation;Right;24;8489.8;8885.8;1739439986647.4;1739439987043.4;396.0;878.7;227.5;3.5;3.5;3.5;24.5;28.7;White Space
Trial004;1739439978157.6;10.png;0.0;50646.2;Prueba3reslucion;Cyan;100.0;Eye;Fixation;Right;25;8913.7;9057.6;1739439987071.3;1739439987215.2;143.9;966.3;228.2;3.5;3.5;3.5;10.6;5.7;White Space
Trial004;1739439978157.6;10.png;0.0;50646.2;Prueba3reslucion;Cyan;100.0;Eye;Fixation;Right;26;9089.7;9413.6;1739439987247.3;1739439987571.2;323.9;1122.0;231.7;3.5;3.5;3.5;16.3;11.0;White Space
Trial004;1739439978157.6;10.png;0.0;50646.2;Prueba3reslucion;Cyan;100.0;Eye;Fixation;Right;27;9445.6;9693.5;1739439987603.2;1739439987851.1;247.9;1287.8;228.2;3.6;3.6;3.6;15.4;19.7;White Space
Trial004;1739439978157.6;10.png;0.0;50646.2;Prueba3reslucion;Cyan;100.0;Eye;Fixation;Right;28;9733.5;9905.4;1739439987891.1;1739439988063.0;172.0;1419.2;179.8;3.5;3.5;3.5;23.9;37.1;White Space
Trial004;1739439978157.6;10.png;0.0;50646.2;Prueba3reslucion;Cyan;100.0;Eye;Fixation;Right;29;9953.5;10381.3;1739439988111.1;1739439988538.9;427.7;1639.0;179.2;3.5;3.5;3.5;55.2;44.5;White Space
Trial004;1739439978157.6;10.png;0.0;50646.2;Prueba3reslucion;Cyan;100.0;Eye;Fixation;Right;30;10409.3;10549.3;1739439988566.9;1739439988706.9;140.0;1723.4;195.1;3.3;3.3;3.3;33.4;42.8;White Space
Trial004;1739439978157.6;10.png;0.0;50646.2;Prueba3reslucion;Cyan;100.0;Eye;Fixation;Right;31;10657.3;10813.2;1739439988814.9;1739439988970.9;155.9;290.0;254.8;3.5;3.5;3.5;28.3;37.7;White Space
Trial004;1739439978157.6;10.png;0.0;50646.2;Prueba3reslucion;Cyan;100.0;Eye;Fixation;Right;32;10849.1;11069.2;1739439989006.8;1739439989226.8;220.0;221.9;247.5;3.5;3.5;3.5;36.0;55.6;White Space
Trial004;1739439978157.6;10.png;0.0;50646.2;Prueba3reslucion;Cyan;100.0;Eye;Fixation;Right;33;11097.0;11389.0;1739439989254.7;1739439989546.6;291.9;343.8;269.4;3.4;3.4;3.4;26.2;20.4;White Space
Trial004;1739439978157.6;10.png;0.0;50646.2;Prueba3reslucion;Cyan;100.0;Eye;Fixation;Right;34;11433.0;11792.9;1739439989590.6;1739439989950.5;359.9;538.4;277.1;3.4;3.4;3.4;30.9;39.4;White Space
Trial004;1739439978157.6;10.png;0.0;50646.2;Prueba3reslucion;Cyan;100.0;Eye;Fixation;Right;35;11824.9;12136.9;1739439989982.5;1739439990294.5;312.0;739.3;286.0;3.5;3.5;3.5;20.8;21.6;White Space
Trial004;1739439978157.6;10.png;0.0;50646.2;Prueba3reslucion;Cyan;100.0;Eye;Fixation;Right;36;12188.8;12404.7;1739439990346.4;1739439990562.3;215.9;939.6;351.3;3.1;3.1;3.1;28.4;50.1;White Space
Trial004;1739439978157.6;10.png;0.0;50646.2;Prueba3reslucion;Cyan;100.0;Eye;Fixation;Right;37;12568.7;12716.8;1739439990726.3;1739439990874.4;148.1;1008.3;287.2;3.5;3.5;3.5;15.1;41.7;White Space
Trial004;1739439978157.6;10.png;0.0;50646.2;Prueba3reslucion;Cyan;100.0;Eye;Fixation;Right;38;12760.7;13208.7;1739439990918.3;1739439991366.3;447.9;859.7;277.6;3.5;3.5;3.5;34.2;32.1;White Space
Trial004;1739439978157.6;10.png;0.0;50646.2;Prueba3reslucion;Cyan;100.0;Eye;Fixation;Right;39;13240.5;13540.4;1739439991398.1;1739439991698.0;300.0;734.0;282.6;3.5;3.5;3.5;18.3;37.9;White Space
Trial004;1739439978157.6;10.png;0.0;50646.2;Prueba3reslucion;Cyan;100.0;Eye;Fixation;Right;40;13588.4;13876.3;1739439991746.0;1739439992033.9;287.9;984.6;276.4;3.6;3.6;3.6;16.7;28.3;White Space
Trial004;1739439978157.6;10.png;0.0;50646.2;Prueba3reslucion;Cyan;100.0;Eye;Fixation;Right;41;13904.7;14312.2;1739439992062.3;1739439992469.8;407.6;1107.8;286.5;3.6;3.6;3.6;32.4;21.7;White Space
Trial004;1739439978157.6;10.png;0.0;50646.2;Prueba3reslucion;Cyan;100.0;Eye;Fixation;Right;42;14348.4;14660.3;1739439992506.0;1739439992817.9;311.9;1283.4;271.0;3.6;3.6;3.6;18.8;40.3;White Space
Trial004;1739439978157.6;10.png;0.0;50646.2;Prueba3reslucion;Cyan;100.0;Eye;Fixation;Right;43;14724.1;15008.0;1739439992881.7;1739439993165.6;283.9;1454.6;356.1;3.6;3.6;3.6;19.7;45.7;White Space
Trial004;1739439978157.6;10.png;0.0;50646.2;Prueba3reslucion;Cyan;100.0;Eye;Fixation;Right;44;15052.0;15440.0;1739439993209.6;1739439993597.6;387.9;1562.4;287.1;3.5;3.5;3.5;37.6;45.2;White Space
Trial004;1739439978157.6;10.png;0.0;50646.2;Prueba3reslucion;Cyan;100.0;Eye;Fixation;Right;45;15759.9;15851.8;1739439993917.5;1739439994009.4;92.0;285.7;317.8;3.4;3.4;3.4;11.3;14.8;White Space
Trial004;1739439978157.6;10.png;0.0;50646.2;Prueba3reslucion;Cyan;100.0;Eye;Fixation;Right;46;15891.8;16051.7;1739439994049.5;1739439994209.4;159.9;171.5;312.6;3.4;3.4;3.4;44.9;49.0;White Space
Trial004;1739439978157.6;10.png;0.0;50646.2;Prueba3reslucion;Cyan;100.0;Eye;Fixation;Right;47;16079.8;16367.8;1739439994237.4;1739439994525.4;288.0;233.7;317.9;3.4;3.4;3.4;45.3;47.9;White Space
Trial004;1739439978157.6;10.png;0.0;50646.2;Prueba3reslucion;Cyan;100.0;Eye;Fixation;Right;48;16483.7;16743.8;1739439994641.4;1739439994901.4;260.0;507.4;318.3;3.4;3.4;3.4;41.8;29.2;White Space
Trial004;1739439978157.6;10.png;0.0;50646.2;Prueba3reslucion;Cyan;100.0;Eye;Fixation;Right;49;16783.7;17191.7;1739439994941.4;1739439995349.3;407.9;230.4;313.7;3.6;3.6;3.6;33.0;29.9;White Space
Trial004;1739439978157.6;10.png;0.0;50646.2;Prueba3reslucion;Cyan;100.0;Eye;Fixation;Right;50;17327.5;17483.4;1739439995485.1;1739439995641.0;155.9;1386.5;312.5;3.6;3.6;3.6;30.4;25.1;White Space
Trial004;1739439978157.6;10.png;0.0;50646.2;Prueba3reslucion;Cyan;100.0;Eye;Fixation;Right;51;17499.4;17719.3;1739439995657.0;1739439995876.9;220.0;1389.5;353.4;3.6;3.6;3.6;29.1;49.8;White Space
Trial004;1739439978157.6;10.png;0.0;50646.2;Prueba3reslucion;Cyan;100.0;Eye;Fixation;Right;52;17767.4;17983.4;1739439995925.0;1739439996141.0;216.0;1509.3;306.8;3.5;3.5;3.5;54.6;44.4;White Space
Trial004;1739439978157.6;10.png;0.0;50646.2;Prueba3reslucion;Cyan;100.0;Eye;Fixation;Right;53;18015.4;18147.2;1739439996173.0;1739439996304.8;131.8;1429.5;392.5;3.3;3.3;3.3;17.6;19.5;White Space
Trial004;1739439978157.6;10.png;0.0;50646.2;Prueba3reslucion;Cyan;100.0;Eye;Fixation;Right;54;18203.2;18323.3;1739439996360.8;1739439996480.9;120.0;1688.7;271.7;3.4;3.4;3.4;47.8;21.5;White Space
Trial004;1739439978157.6;10.png;0.0;50646.2;Prueba3reslucion;Cyan;100.0;Eye;Fixation;Right;55;18423.1;18603.1;1739439996580.7;1739439996760.7;179.9;398.4;320.2;3.7;3.7;3.7;24.1;23.8;White Space
Trial004;1739439978157.6;10.png;0.0;50646.2;Prueba3reslucion;Cyan;100.0;Eye;Fixation;Right;56;18639.1;18843.1;1739439996796.7;1739439997000.7;203.9;484.1;318.3;3.6;3.6;3.6;29.2;23.3;White Space
Trial004;1739439978157.6;10.png;0.0;50646.2;Prueba3reslucion;Cyan;100.0;Eye;Fixation;Right;57;18875.0;19242.9;1739439997032.6;1739439997400.5;367.9;651.5;347.6;3.6;3.6;3.6;35.8;47.4;White Space
Trial004;1739439978157.6;10.png;0.0;50646.2;Prueba3reslucion;Cyan;100.0;Eye;Fixation;Right;58;19270.9;19534.9;1739439997428.5;1739439997692.5;264.0;799.6;372.3;3.6;3.6;3.6;33.5;45.0;White Space
Trial004;1739439978157.6;10.png;0.0;50646.2;Prueba3reslucion;Cyan;100.0;Eye;Fixation;Right;59;19562.9;19878.7;1739439997720.5;1739439998036.3;315.8;952.5;372.7;3.6;3.6;3.6;30.2;81.3;White Space
Trial004;1739439978157.6;10.png;0.0;50646.2;Prueba3reslucion;Cyan;100.0;Eye;Fixation;Right;60;20002.8;20122.8;1739439998160.4;1739439998280.4;120.0;1125.2;440.1;3.3;3.3;3.3;33.4;43.3;White Space
Trial004;1739439978157.6;10.png;0.0;50646.2;Prueba3reslucion;Cyan;100.0;Eye;Fixation;Right;61;20250.6;20434.6;1739439998408.2;1739439998592.2;184.0;1347.0;361.9;3.6;3.6;3.6;39.3;38.3;White Space
Trial004;1739439978157.6;10.png;0.0;50646.2;Prueba3reslucion;Cyan;100.0;Eye;Fixation;Right;62;20482.6;20854.5;1739439998640.2;1739439999012.1;371.9;1530.9;303.9;3.6;3.6;3.6;41.1;56.4;White Space
Trial004;1739439978157.6;10.png;0.0;50646.2;Prueba3reslucion;Cyan;100.0;Eye;Fixation;Right;63;20958.8;21234.4;1739439999116.4;1739439999392.0;275.6;278.6;417.3;3.6;3.6;3.6;25.1;35.0;White Space
Trial004;1739439978157.6;10.png;0.0;50646.2;Prueba3reslucion;Cyan;100.0;Eye;Fixation;Right;64;21290.3;21762.2;1739439999447.9;1739439999919.9;471.9;484.8;401.0;3.5;3.5;3.5;29.9;71.2;White Space
Trial004;1739439978157.6;10.png;0.0;50646.2;Prueba3reslucion;Cyan;100.0;Eye;Fixation;Right;65;21806.2;22162.2;1739439999963.8;1739440000319.8;356.0;684.7;413.4;3.5;3.5;3.5;29.8;44.3;White Space
Trial004;1739439978157.6;10.png;0.0;50646.2;Prueba3reslucion;Cyan;100.0;Eye;Fixation;Right;66;22186.2;22490.1;1739440000343.8;1739440000647.7;303.9;760.4;427.9;3.5;3.5;3.5;16.2;60.1;White Space
Trial004;1739439978157.6;10.png;0.0;50646.2;Prueba3reslucion;Cyan;100.0;Eye;Fixation;Right;67;22518.2;22794.1;1739440000675.8;1739440000951.7;275.9;886.1;422.9;3.6;3.6;3.6;18.3;49.4;White Space
Trial004;1739439978157.6;10.png;0.0;50646.2;Prueba3reslucion;Cyan;100.0;Eye;Fixation;Right;68;22838.0;23069.9;1739440000995.6;1739440001227.5;231.9;988.1;422.9;3.6;3.6;3.6;31.9;26.8;White Space
Trial004;1739439978157.6;10.png;0.0;50646.2;Prueba3reslucion;Cyan;100.0;Eye;Fixation;Right;69;23102.0;23481.9;1739440001259.6;1739440001639.5;379.9;1146.9;409.3;3.6;3.6;3.6;56.4;55.5;White Space
Trial004;1739439978157.6;10.png;0.0;50646.2;Prueba3reslucion;Cyan;100.0;Eye;Fixation;Right;70;23517.9;23677.8;1739440001675.5;1739440001835.4;159.8;1401.5;416.8;3.6;3.6;3.6;32.7;39.4;White Space
Trial004;1739439978157.6;10.png;0.0;50646.2;Prueba3reslucion;Cyan;100.0;Eye;Fixation;Right;71;23701.8;23869.7;1739440001859.4;1739440002027.3;167.9;1353.2;399.3;3.6;3.6;3.6;15.3;19.8;White Space
Trial004;1739439978157.6;10.png;0.0;50646.2;Prueba3reslucion;Cyan;100.0;Eye;Fixation;Right;72;23913.7;24185.7;1739440002071.3;1739440002343.3;272.0;1486.6;428.4;3.6;3.6;3.6;29.4;23.6;White Space
Trial004;1739439978157.6;10.png;0.0;50646.2;Prueba3reslucion;Cyan;100.0;Eye;Fixation;Right;73;24277.6;24605.5;1739440002435.2;1739440002763.2;327.9;282.3;479.4;3.5;3.5;3.5;54.6;45.7;White Space
Trial004;1739439978157.6;10.png;0.0;50646.2;Prueba3reslucion;Cyan;100.0;Eye;Fixation;Right;74;24681.5;24957.5;1739440002839.1;1739440003115.1;276.0;522.8;483.0;3.5;3.5;3.5;30.9;32.9;White Space
Trial004;1739439978157.6;10.png;0.0;50646.2;Prueba3reslucion;Cyan;100.0;Eye;Fixation;Right;75;24989.5;25317.5;1739440003147.1;1739440003475.2;328.1;742.4;484.0;3.4;3.4;3.4;32.2;20.0;White Space
Trial004;1739439978157.6;10.png;0.0;50646.2;Prueba3reslucion;Cyan;100.0;Eye;Fixation;Right;76;25345.4;25465.2;1739440003503.0;1739440003622.8;119.8;833.1;484.4;3.4;3.4;3.4;13.1;26.1;White Space
Trial004;1739439978157.6;10.png;0.0;50646.2;Prueba3reslucion;Cyan;100.0;Eye;Fixation;Right;77;25497.3;25753.3;1739440003654.9;1739440003911.0;256.0;979.4;485.2;3.4;3.4;3.4;28.7;51.5;White Space
Trial004;1739439978157.6;10.png;0.0;50646.2;Prueba3reslucion;Cyan;100.0;Eye;Fixation;Right;78;25825.2;26041.1;1739440003982.8;1739440004198.7;216.0;1125.2;484.7;3.5;3.5;3.5;51.0;44.8;White Space
Trial004;1739439978157.6;10.png;0.0;50646.2;Prueba3reslucion;Cyan;100.0;Eye;Fixation;Right;79;26069.1;26301.1;1739440004226.7;1739440004458.7;232.0;1226.0;477.5;3.6;3.6;3.6;30.9;21.5;White Space
Trial004;1739439978157.6;10.png;0.0;50646.2;Prueba3reslucion;Cyan;100.0;Eye;Fixation;Right;80;26337.2;26676.9;1739440004494.8;1739440004834.6;339.8;1409.7;470.3;3.5;3.5;3.5;44.8;33.8;White Space
Trial004;1739439978157.6;10.png;0.0;50646.2;Prueba3reslucion;Cyan;100.0;Eye;Fixation;Right;81;26705.0;26992.8;1739440004862.6;1739440005150.4;287.9;1555.4;455.0;3.5;3.5;3.5;24.2;24.5;White Space
Trial004;1739439978157.6;10.png;0.0;50646.2;Prueba3reslucion;Cyan;100.0;Eye;Fixation;Right;82;27272.9;27580.7;1739440005430.5;1739440005738.3;307.8;194.3;505.0;3.5;3.5;3.5;36.2;35.9;White Space
Trial004;1739439978157.6;10.png;0.0;50646.2;Prueba3reslucion;Cyan;100.0;Eye;Fixation;Right;83;27612.7;28092.7;1739440005770.3;1739440006250.3;480.1;400.4;524.1;3.4;3.4;3.4;58.8;27.9;White Space
Trial004;1739439978157.6;10.png;0.0;50646.2;Prueba3reslucion;Cyan;100.0;Eye;Fixation;Right;84;28132.6;28440.5;1739440006290.3;1739440006598.2;307.9;651.1;544.6;3.4;3.4;3.4;39.2;30.0;White Space
Trial004;1739439978157.6;10.png;0.0;50646.2;Prueba3reslucion;Cyan;100.0;Eye;Fixation;Right;85;28480.7;28836.4;1739440006638.3;1739440006994.0;355.7;894.3;535.7;3.4;3.4;3.4;29.2;40.8;White Space
Trial004;1739439978157.6;10.png;0.0;50646.2;Prueba3reslucion;Cyan;100.0;Eye;Fixation;Right;86;28924.4;29128.5;1739440007082.0;1739440007286.1;204.0;1004.0;533.4;3.5;3.5;3.5;13.9;14.8;White Space
Trial004;1739439978157.6;10.png;0.0;50646.2;Prueba3reslucion;Cyan;100.0;Eye;Fixation;Right;87;29168.4;29328.3;1739440007326.0;1739440007485.9;159.9;1211.7;548.5;3.4;3.4;3.4;46.4;27.4;White Space
Trial004;1739439978157.6;10.png;0.0;50646.2;Prueba3reslucion;Cyan;100.0;Eye;Fixation;Right;88;29380.3;29472.2;1739440007537.9;1739440007629.8;91.9;1174.8;537.7;3.4;3.4;3.4;12.7;19.9;White Space
Trial004;1739439978157.6;10.png;0.0;50646.2;Prueba3reslucion;Cyan;100.0;Eye;Fixation;Right;89;29604.2;29764.1;1739440007761.8;1739440007921.7;159.9;1323.7;532.2;3.4;3.4;3.4;65.3;33.2;White Space
Trial004;1739439978157.6;10.png;0.0;50646.2;Prueba3reslucion;Cyan;100.0;Eye;Fixation;Right;90;29800.2;30036.1;1739440007957.8;1739440008193.7;235.9;1520.2;537.6;3.4;3.4;3.4;22.8;21.5;White Space
Trial004;1739439978157.6;10.png;0.0;50646.2;Prueba3reslucion;Cyan;100.0;Eye;Fixation;Right;91;30064.0;30340.0;1739440008221.7;1739440008497.6;275.9;1638.0;513.7;3.4;3.4;3.4;20.3;11.8;White Space
Trial004;1739439978157.6;10.png;0.0;50646.2;Prueba3reslucion;Cyan;100.0;Eye;Fixation;Right;92;30448.0;30795.9;1739440008605.6;1739440008953.5;348.0;244.0;573.4;3.5;3.5;3.5;36.1;36.6;White Space
Trial004;1739439978157.6;10.png;0.0;50646.2;Prueba3reslucion;Cyan;100.0;Eye;Fixation;Right;93;30831.9;31375.7;1739440008989.5;1739440009533.4;543.9;486.5;589.0;3.4;3.4;3.4;40.3;52.5;White Space
Trial004;1739439978157.6;10.png;0.0;50646.2;Prueba3reslucion;Cyan;100.0;Eye;Fixation;Right;94;31411.8;31655.7;1739440009569.4;1739440009813.3;243.9;268.5;565.5;3.4;3.4;3.4;32.8;31.3;White Space
Trial004;1739439978157.6;10.png;0.0;50646.2;Prueba3reslucion;Cyan;100.0;Eye;Fixation;Right;95;31679.7;31995.6;1739440009837.3;1739440010153.2;315.9;219.3;562.5;3.5;3.5;3.5;29.7;21.7;White Space
Trial004;1739439978157.6;10.png;0.0;50646.2;Prueba3reslucion;Cyan;100.0;Eye;Fixation;Right;96;32027.5;32351.5;1739440010185.2;1739440010509.1;323.9;481.0;591.4;3.4;3.4;3.4;39.3;45.4;White Space
Trial004;1739439978157.6;10.png;0.0;50646.2;Prueba3reslucion;Cyan;100.0;Eye;Fixation;Right;97;32387.5;32751.4;1739440010545.1;1739440010909.0;363.9;726.3;584.4;3.5;3.5;3.5;48.0;25.2;White Space
Trial004;1739439978157.6;10.png;0.0;50646.2;Prueba3reslucion;Cyan;100.0;Eye;Fixation;Right;98;32823.5;33287.2;1739440010981.1;1739440011444.8;463.7;873.9;629.7;3.3;3.3;3.3;66.0;59.3;White Space
Trial004;1739439978157.6;10.png;0.0;50646.2;Prueba3reslucion;Cyan;100.0;Eye;Fixation;Right;99;33323.3;33579.1;1739440011480.9;1739440011736.7;255.8;1113.6;622.5;3.5;3.5;3.5;34.7;48.6;White Space
Trial004;1739439978157.6;10.png;0.0;50646.2;Prueba3reslucion;Cyan;100.0;Eye;Fixation;Right;100;33659.2;33875.0;1739440011816.8;1739440012032.7;215.9;1231.8;611.6;3.4;3.4;3.4;33.3;64.4;White Space
Trial004;1739439978157.6;10.png;0.0;50646.2;Prueba3reslucion;Cyan;100.0;Eye;Fixation;Right;101;33947.0;34127.0;1739440012104.6;1739440012284.7;180.1;1427.6;594.4;3.5;3.5;3.5;59.5;58.5;White Space
Trial004;1739439978157.6;10.png;0.0;50646.2;Prueba3reslucion;Cyan;100.0;Eye;Fixation;Right;102;34175.1;34499.0;1739440012332.7;1739440012656.6;323.9;1521.3;575.5;3.4;3.4;3.4;61.0;43.1;White Space
Trial004;1739439978157.6;10.png;0.0;50646.2;Prueba3reslucion;Cyan;100.0;Eye;Fixation;Right;103;34534.9;34650.9;1739440012692.5;1739440012808.5;115.9;1634.6;603.4;3.2;3.2;3.2;50.7;56.7;White Space
Trial004;1739439978157.6;10.png;0.0;50646.2;Prueba3reslucion;Cyan;100.0;Eye;Fixation;Right;104;34694.9;34802.9;1739440012852.5;1739440012960.5;107.9;1625.1;560.1;3.4;3.4;3.4;42.8;35.4;White Space
Trial004;1739439978157.6;10.png;0.0;50646.2;Prueba3reslucion;Cyan;100.0;Eye;Fixation;Right;105;34906.9;35398.8;1739440013064.5;1739440013556.4;491.9;223.0;636.9;3.4;3.4;3.4;29.9;21.0;White Space
Trial004;1739439978157.6;10.png;0.0;50646.2;Prueba3reslucion;Cyan;100.0;Eye;Fixation;Right;106;35430.6;35906.5;1739440013588.2;1739440014064.1;475.9;493.4;652.7;3.4;3.4;3.4;50.7;41.1;White Space
Trial004;1739439978157.6;10.png;0.0;50646.2;Prueba3reslucion;Cyan;100.0;Eye;Fixation;Right;107;35934.6;36314.4;1739440014092.2;1739440014472.0;379.8;648.7;655.2;3.4;3.4;3.4;45.2;46.7;White Space
Trial004;1739439978157.6;10.png;0.0;50646.2;Prueba3reslucion;Cyan;100.0;Eye;Fixation;Right;108;36350.4;36658.4;1739440014508.0;1739440014816.0;308.0;743.0;668.5;3.5;3.5;3.5;34.9;45.4;White Space
Trial004;1739439978157.6;10.png;0.0;50646.2;Prueba3reslucion;Cyan;100.0;Eye;Fixation;Right;109;36682.3;36902.3;1739440014839.9;1739440015059.9;219.9;816.4;663.2;3.5;3.5;3.5;22.2;26.7;White Space
Trial004;1739439978157.6;10.png;0.0;50646.2;Prueba3reslucion;Cyan;100.0;Eye;Fixation;Right;110;36958.4;37382.2;1739440015116.0;1739440015539.8;423.8;218.0;660.0;3.4;3.4;3.4;61.7;24.2;White Space
Trial004;1739439978157.6;10.png;0.0;50646.2;Prueba3reslucion;Cyan;100.0;Eye;Fixation;Right;111;37406.2;37754.0;1739440015563.8;1739440015911.7;347.9;265.8;644.6;3.5;3.5;3.5;38.2;20.4;White Space
Trial004;1739439978157.6;10.png;0.0;50646.2;Prueba3reslucion;Cyan;100.0;Eye;Fixation;Right;112;37778.0;37990.2;1739440015935.6;1739440016147.8;212.2;353.3;644.4;3.5;3.5;3.5;16.9;33.1;White Space
Trial004;1739439978157.6;10.png;0.0;50646.2;Prueba3reslucion;Cyan;100.0;Eye;Fixation;Right;113;38018.0;39129.8;1739440016175.7;1739440017287.4;1111.8;493.2;656.7;3.4;3.4;3.4;39.1;42.9;White Space
Trial004;1739439978157.6;10.png;0.0;50646.2;Prueba3reslucion;Cyan;100.0;Eye;Fixation;Right;114;39157.7;39573.6;1739440017315.3;1739440017731.2;415.9;623.1;664.8;3.5;3.5;3.5;28.0;37.8;White Space
Trial004;1739439978157.6;10.png;0.0;50646.2;Prueba3reslucion;Cyan;100.0;Eye;Fixation;Right;115;39617.6;39801.6;1739440017775.2;1739440017959.2;184.0;715.4;666.5;3.5;3.5;3.5;35.7;29.2;White Space
Trial004;1739439978157.6;10.png;0.0;50646.2;Prueba3reslucion;Cyan;100.0;Eye;Fixation;Right;116;39953.7;40185.4;1739440018111.3;1739440018343.0;231.7;805.6;669.6;3.6;3.6;3.6;23.3;32.0;White Space
Trial004;1739439978157.6;10.png;0.0;50646.2;Prueba3reslucion;Cyan;100.0;Eye;Fixation;Right;117;40265.3;40725.3;1739440018422.9;1739440018882.9;459.9;254.1;407.8;3.6;3.6;3.6;107.9;99.3;White Space
Trial004;1739439978157.6;10.png;0.0;50646.2;Prueba3reslucion;Cyan;100.0;Eye;Fixation;Right;118;40753.3;40949.3;1739440018910.9;1739440019106.9;196.0;480.9;388.7;3.5;3.5;3.5;41.6;55.5;White Space
Trial004;1739439978157.6;10.png;0.0;50646.2;Prueba3reslucion;Cyan;100.0;Eye;Fixation;Right;119;40985.2;41129.1;1739440019142.9;1739440019286.7;143.9;414.2;401.0;3.5;3.5;3.5;23.0;34.0;White Space
Trial004;1739439978157.6;10.png;0.0;50646.2;Prueba3reslucion;Cyan;100.0;Eye;Fixation;Right;120;41165.2;41605.1;1739440019322.8;1739440019762.7;439.9;731.2;397.2;3.5;3.5;3.5;35.9;41.6;White Space
Trial004;1739439978157.6;10.png;0.0;50646.2;Prueba3reslucion;Cyan;100.0;Eye;Fixation;Right;121;41633.1;41957.0;1739440019790.8;1739440020114.6;323.9;912.4;408.9;3.6;3.6;3.6;37.7;86.3;White Space
Trial004;1739439978157.6;10.png;0.0;50646.2;Prueba3reslucion;Cyan;100.0;Eye;Fixation;Right;122;41981.0;42137.0;1739440020138.6;1739440020294.7;156.0;985.0;414.0;3.6;3.6;3.6;25.8;31.8;White Space
Trial004;1739439978157.6;10.png;0.0;50646.2;Prueba3reslucion;Cyan;100.0;Eye;Fixation;Right;123;42173.0;42536.8;1739440020330.6;1739440020694.4;363.8;1138.0;448.1;3.5;3.5;3.5;59.5;67.0;White Space
Trial004;1739439978157.6;10.png;0.0;50646.2;Prueba3reslucion;Cyan;100.0;Eye;Fixation;Right;124;42560.9;42784.7;1739440020718.5;1739440020942.4;223.9;1191.7;460.7;3.4;3.4;3.4;34.8;38.9;White Space
Trial004;1739439978157.6;10.png;0.0;50646.2;Prueba3reslucion;Cyan;100.0;Eye;Fixation;Right;125;42804.7;42944.7;1739440020962.3;1739440021102.3;140.0;1150.1;499.0;3.2;3.2;3.2;37.7;39.1;White Space
Trial004;1739439978157.6;10.png;0.0;50646.2;Prueba3reslucion;Cyan;100.0;Eye;Fixation;Right;126;43104.6;43220.7;1739440021262.2;1739440021378.3;116.1;842.4;34.8;3.4;3.4;3.4;23.0;43.7;White Space
Trial004;1739439978157.6;10.png;0.0;50646.2;Prueba3reslucion;Cyan;100.0;Eye;Fixation;Right;127;43252.6;43548.6;1739440021410.2;1739440021706.2;296.0;723.8;86.3;3.5;3.5;3.5;13.6;37.8;White Space
Trial004;1739439978157.6;10.png;0.0;50646.2;Prueba3reslucion;Cyan;100.0;Eye;Fixation;Right;128;43568.6;44064.4;1739440021726.3;1739440022222.0;495.8;712.0;116.1;3.4;3.4;3.4;27.7;35.1;White Space
Trial004;1739439978157.6;10.png;0.0;50646.2;Prueba3reslucion;Cyan;100.0;Eye;Fixation;Right;129;44088.4;44436.3;1739440022246.0;1739440022593.9;347.9;833.7;99.6;3.5;3.5;3.5;30.9;56.6;White Space
Trial004;1739439978157.6;10.png;0.0;50646.2;Prueba3reslucion;Cyan;100.0;Eye;Fixation;Right;130;44484.2;44780.2;1739440022641.8;1739440022937.8;295.9;1041.2;91.9;3.6;3.6;3.6;32.7;47.7;White Space
Trial004;1739439978157.6;10.png;0.0;50646.2;Prueba3reslucion;Cyan;100.0;Eye;Fixation;Right;131;44812.3;45240.2;1739440022969.9;1739440023397.8;427.9;1166.1;120.8;3.6;3.6;3.6;30.0;29.0;White Space
Trial004;1739439978157.6;10.png;0.0;50646.2;Prueba3reslucion;Cyan;100.0;Eye;Fixation;Right;132;45328.0;45751.9;1739440023485.6;1739440023909.5;423.9;257.6;182.4;3.7;3.7;3.7;33.2;34.5;White Space
Trial004;1739439978157.6;10.png;0.0;50646.2;Prueba3reslucion;Cyan;100.0;Eye;Fixation;Right;133;45771.9;46007.9;1739440023929.5;1739440024165.5;236.0;270.2;188.2;3.6;3.6;3.6;29.1;29.6;White Space
Trial004;1739439978157.6;10.png;0.0;50646.2;Prueba3reslucion;Cyan;100.0;Eye;Fixation;Right;134;46043.8;46527.7;1739440024201.5;1739440024685.3;483.9;517.6;232.9;3.6;3.6;3.6;30.0;53.9;White Space
Trial004;1739439978157.6;10.png;0.0;50646.2;Prueba3reslucion;Cyan;100.0;Eye;Fixation;Right;135;46551.8;46831.7;1739440024709.4;1739440024989.3;279.9;587.0;226.5;3.7;3.7;3.7;20.4;45.8;White Space
Trial004;1739439978157.6;10.png;0.0;50646.2;Prueba3reslucion;Cyan;100.0;Eye;Fixation;Right;136;46863.8;47071.5;1739440025021.4;1739440025229.1;207.7;751.6;216.4;3.7;3.7;3.7;17.8;21.9;White Space
Trial004;1739439978157.6;10.png;0.0;50646.2;Prueba3reslucion;Cyan;100.0;Eye;Fixation;Right;137;47103.6;47795.4;1739440025261.2;1739440025953.0;691.8;931.8;234.6;3.7;3.7;3.7;25.5;59.0;White Space
Trial004;1739439978157.6;10.png;0.0;50646.2;Prueba3reslucion;Cyan;100.0;Eye;Fixation;Right;138;47871.4;48031.3;1739440026029.0;1739440026188.9;160.0;323.3;616.2;3.6;3.6;3.6;14.7;31.3;White Space
Trial004;1739439978157.6;10.png;0.0;50646.2;Prueba3reslucion;Cyan;100.0;Eye;Fixation;Right;139;48059.4;48259.3;1739440026217.0;1739440026416.9;199.9;219.0;659.7;3.6;3.6;3.6;20.2;31.4;White Space
Trial004;1739439978157.6;10.png;0.0;50646.2;Prueba3reslucion;Cyan;100.0;Eye;Fixation;Right;140;48419.2;48723.1;1739440026576.8;1739440026880.8;304.0;259.8;601.4;3.4;3.4;3.4;53.2;49.0;White Space
Trial004;1739439978157.6;10.png;0.0;50646.2;Prueba3reslucion;Cyan;100.0;Eye;Fixation;Right;141;48767.3;49163.1;1739440026924.9;1739440027320.7;395.8;488.4;650.4;3.4;3.4;3.4;37.3;40.2;White Space
Trial004;1739439978157.6;10.png;0.0;50646.2;Prueba3reslucion;Cyan;100.0;Eye;Fixation;Right;142;49195.1;49411.0;1739440027352.7;1739440027568.6;215.9;661.7;665.8;3.4;3.4;3.4;21.8;46.8;White Space
Trial004;1739439978157.6;10.png;0.0;50646.2;Prueba3reslucion;Cyan;100.0;Eye;Fixation;Right;143;49535.0;49674.9;1739440027692.6;1739440027832.5;140.0;650.7;648.5;3.4;3.4;3.4;33.5;30.7;White Space
Trial004;1739439978157.6;10.png;0.0;50646.2;Prueba3reslucion;Cyan;100.0;Eye;Fixation;Right;144;49706.9;50030.9;1739440027864.5;1739440028188.6;324.1;746.8;669.6;3.4;3.4;3.4;64.3;36.5;White Space
Trial004;1739439978157.6;10.png;0.0;50646.2;Prueba3reslucion;Cyan;100.0;Eye;Fixation;Right;145;50055.0;50398.7;1739440028212.6;1739440028556.3;343.7;803.0;645.7;3.5;3.5;3.5;32.0;47.8;White Space
Trial004;1739439978157.6;10.png;0.0;50646.2;Prueba3reslucion;Cyan;100.0;Eye;Fixation;Right;146;50422.7;50642.6;1739440028580.3;1739440028800.2;219.9;856.6;650.5;3.5;3.5;3.5;28.7;14.0;White Space
