char,char_x_center,char_y_center,char_xmax,char_xmin,char_ymax,char_ymin,trial_id,assigned_line
E,52.5,185.0,65,40,199.0,171.0,trial_001,1
l,77.703125,183.5,90.203125,65.203125,199.0,168.0,trial_001,1
 ,102.90625,199.0,115.40625,90.40625,199.0,199.0,trial_001,1
i,128.109375,184.0,140.609375,115.609375,199.0,169.0,trial_001,1
n,153.3125,187.5,165.8125,140.8125,199.0,176.0,trial_001,1
t,178.515625,184.5,191.015625,166.015625,199.0,170.0,trial_001,1
e,203.71875,187.5,216.21875,191.21875,199.0,176.0,trial_001,1
r,228.921875,187.5,241.421875,216.421875,199.0,176.0,trial_001,1
é,254.125,184.0,266.625,241.625,199.0,169.0,trial_001,1
s,279.328125,187.5,291.828125,266.828125,199.0,176.0,trial_001,1
 ,304.53125,199.0,317.03125,292.03125,199.0,199.0,trial_001,1
p,329.734375,192.0,342.234375,317.234375,208.0,176.0,trial_001,1
o,354.9375,187.5,367.4375,342.4375,199.0,176.0,trial_001,1
r,380.140625,187.5,392.640625,367.640625,199.0,176.0,trial_001,1
 ,405.34375,199.0,417.84375,392.84375,199.0,199.0,trial_001,1
l,430.546875,183.5,443.046875,418.046875,199.0,168.0,trial_001,1
a,455.75,187.5,468.25,443.25,199.0,176.0,trial_001,1
 ,480.953125,199.0,493.453125,468.453125,199.0,199.0,trial_001,1
e,506.15625,187.5,518.65625,493.65625,199.0,176.0,trial_001,1
x,531.359375,187.5,543.859375,518.859375,199.0,176.0,trial_001,1
t,556.5625,184.5,569.0625,544.0625,199.0,170.0,trial_001,1
i,581.765625,184.0,594.265625,569.265625,199.0,169.0,trial_001,1
n,606.96875,187.5,619.46875,594.46875,199.0,176.0,trial_001,1
c,632.171875,187.5,644.671875,619.671875,199.0,176.0,trial_001,1
i,657.375,184.0,669.875,644.875,199.0,169.0,trial_001,1
ó,682.578125,184.0,695.078125,670.078125,199.0,169.0,trial_001,1
n,707.78125,187.5,720.28125,695.28125,199.0,176.0,trial_001,1
 ,732.984375,199.0,745.484375,720.484375,199.0,199.0,trial_001,1
s,758.1875,187.5,770.6875,745.6875,199.0,176.0,trial_001,1
i,783.390625,184.0,795.890625,770.890625,199.0,169.0,trial_001,1
e,808.59375,187.5,821.09375,796.09375,199.0,176.0,trial_001,1
m,833.796875,187.5,846.296875,821.296875,199.0,176.0,trial_001,1
p,859.0,192.0,871.5,846.5,208.0,176.0,trial_001,1
r,884.203125,187.5,896.703125,871.703125,199.0,176.0,trial_001,1
e,909.40625,187.5,921.90625,896.90625,199.0,176.0,trial_001,1
 ,934.609375,199.0,947.109375,922.109375,199.0,199.0,trial_001,1
h,959.8125,184.0,972.3125,947.3125,199.0,169.0,trial_001,1
a,985.015625,187.5,997.515625,972.515625,199.0,176.0,trial_001,1
 ,1010.21875,199.0,1022.71875,997.71875,199.0,199.0,trial_001,1
e,1035.421875,187.5,1047.921875,1022.921875,199.0,176.0,trial_001,1
x,1060.625,187.5,1073.125,1048.125,199.0,176.0,trial_001,1
i,1085.828125,184.0,1098.328125,1073.328125,199.0,169.0,trial_001,1
s,1111.03125,187.5,1123.53125,1098.53125,199.0,176.0,trial_001,1
t,1136.234375,184.5,1148.734375,1123.734375,199.0,170.0,trial_001,1
i,1161.4375,184.0,1173.9375,1148.9375,199.0,169.0,trial_001,1
d,1186.640625,184.0,1199.140625,1174.140625,199.0,169.0,trial_001,1
o,1211.84375,187.5,1224.34375,1199.34375,199.0,176.0,trial_001,1
.,1237.046875,196.0,1249.546875,1224.546875,199.0,193.0,trial_001,1
 ,1262.25,199.0,1274.75,1249.75,199.0,199.0,trial_001,1
E,1287.453125,185.0,1299.953125,1274.953125,199.0,171.0,trial_001,1
n,1312.65625,187.5,1325.15625,1300.15625,199.0,176.0,trial_001,1
 ,1337.859375,199.0,1350.359375,1325.359375,199.0,199.0,trial_001,1
r,1363.0625,187.5,1375.5625,1350.5625,199.0,176.0,trial_001,1
e,1388.265625,187.5,1400.765625,1375.765625,199.0,176.0,trial_001,1
a,1413.46875,187.5,1425.96875,1400.96875,199.0,176.0,trial_001,1
l,1438.671875,183.5,1451.171875,1426.171875,199.0,168.0,trial_001,1
i,1463.875,184.0,1476.375,1451.375,199.0,169.0,trial_001,1
d,1489.078125,184.0,1501.578125,1476.578125,199.0,169.0,trial_001,1
a,1514.28125,187.5,1526.78125,1501.78125,199.0,176.0,trial_001,1
d,1539.484375,184.0,1551.984375,1526.984375,199.0,169.0,trial_001,1
",",1564.6875,200.0,1577.1875,1552.1875,207.0,193.0,trial_001,1
 ,1589.890625,199.0,1602.390625,1577.390625,199.0,199.0,trial_001,1
e,1615.09375,187.5,1627.59375,1602.59375,199.0,176.0,trial_001,1
l,1640.296875,183.5,1652.796875,1627.796875,199.0,168.0,trial_001,1
 ,1665.5,199.0,1678.0,1653.0,199.0,199.0,trial_001,1
f,1690.703125,184.0,1703.203125,1678.203125,199.0,169.0,trial_001,1
i,1715.90625,184.0,1728.40625,1703.40625,199.0,169.0,trial_001,1
n,1741.109375,187.5,1753.609375,1728.609375,199.0,176.0,trial_001,1
a,1766.3125,187.5,1778.8125,1753.8125,199.0,176.0,trial_001,1
l,1791.515625,183.5,1804.015625,1779.015625,199.0,168.0,trial_001,1
 ,1816.71875,199.0,1829.21875,1804.21875,199.0,199.0,trial_001,1
d,1841.921875,184.0,1854.421875,1829.421875,199.0,169.0,trial_001,1
e,1867.125,187.5,1879.625,1854.625,199.0,176.0,trial_001,1
l,52.5,267.5,65,40,283.0,252.0,trial_001,2
o,77.703125,271.5,90.203125,65.203125,283.0,260.0,trial_001,2
s,102.90625,271.5,115.40625,90.40625,283.0,260.0,trial_001,2
 ,128.109375,283.0,140.609375,115.609375,283.0,283.0,trial_001,2
n,153.3125,271.5,165.8125,140.8125,283.0,260.0,trial_001,2
e,178.515625,271.5,191.015625,166.015625,283.0,260.0,trial_001,2
a,203.71875,271.5,216.21875,191.21875,283.0,260.0,trial_001,2
n,228.921875,271.5,241.421875,216.421875,283.0,260.0,trial_001,2
d,254.125,268.0,266.625,241.625,283.0,253.0,trial_001,2
e,279.328125,271.5,291.828125,266.828125,283.0,260.0,trial_001,2
r,304.53125,271.5,317.03125,292.03125,283.0,260.0,trial_001,2
t,329.734375,268.5,342.234375,317.234375,283.0,254.0,trial_001,2
a,354.9375,271.5,367.4375,342.4375,283.0,260.0,trial_001,2
l,380.140625,267.5,392.640625,367.640625,283.0,252.0,trial_001,2
e,405.34375,271.5,417.84375,392.84375,283.0,260.0,trial_001,2
s,430.546875,271.5,443.046875,418.046875,283.0,260.0,trial_001,2
 ,455.75,283.0,468.25,443.25,283.0,283.0,trial_001,2
s,480.953125,271.5,493.453125,468.453125,283.0,260.0,trial_001,2
e,506.15625,271.5,518.65625,493.65625,283.0,260.0,trial_001,2
 ,531.359375,283.0,543.859375,518.859375,283.0,283.0,trial_001,2
h,556.5625,268.0,569.0625,544.0625,283.0,253.0,trial_001,2
a,581.765625,271.5,594.265625,569.265625,283.0,260.0,trial_001,2
 ,606.96875,283.0,619.46875,594.46875,283.0,283.0,trial_001,2
p,632.171875,276.0,644.671875,619.671875,292.0,260.0,trial_001,2
e,657.375,271.5,669.875,644.875,283.0,260.0,trial_001,2
r,682.578125,271.5,695.078125,670.078125,283.0,260.0,trial_001,2
c,707.78125,271.5,720.28125,695.28125,283.0,260.0,trial_001,2
i,732.984375,268.0,745.484375,720.484375,283.0,253.0,trial_001,2
b,758.1875,268.0,770.6875,745.6875,283.0,253.0,trial_001,2
i,783.390625,268.0,795.890625,770.890625,283.0,253.0,trial_001,2
d,808.59375,268.0,821.09375,796.09375,283.0,253.0,trial_001,2
o,833.796875,271.5,846.296875,821.296875,283.0,260.0,trial_001,2
 ,859.0,283.0,871.5,846.5,283.0,283.0,trial_001,2
e,884.203125,271.5,896.703125,871.703125,283.0,260.0,trial_001,2
n,909.40625,271.5,921.90625,896.90625,283.0,260.0,trial_001,2
 ,934.609375,283.0,947.109375,922.109375,283.0,283.0,trial_001,2
d,959.8125,268.0,972.3125,947.3125,283.0,253.0,trial_001,2
i,985.015625,268.0,997.515625,972.515625,283.0,253.0,trial_001,2
f,1010.21875,268.0,1022.71875,997.71875,283.0,253.0,trial_001,2
e,1035.421875,271.5,1047.921875,1022.921875,283.0,260.0,trial_001,2
r,1060.625,271.5,1073.125,1048.125,283.0,260.0,trial_001,2
e,1085.828125,271.5,1098.328125,1073.328125,283.0,260.0,trial_001,2
n,1111.03125,271.5,1123.53125,1098.53125,283.0,260.0,trial_001,2
t,1136.234375,268.5,1148.734375,1123.734375,283.0,254.0,trial_001,2
e,1161.4375,271.5,1173.9375,1148.9375,283.0,260.0,trial_001,2
s,1186.640625,271.5,1199.140625,1174.140625,283.0,260.0,trial_001,2
 ,1211.84375,283.0,1224.34375,1199.34375,283.0,283.0,trial_001,2
m,1237.046875,271.5,1249.546875,1224.546875,283.0,260.0,trial_001,2
e,1262.25,271.5,1274.75,1249.75,283.0,260.0,trial_001,2
d,1287.453125,268.0,1299.953125,1274.953125,283.0,253.0,trial_001,2
i,1312.65625,268.0,1325.15625,1300.15625,283.0,253.0,trial_001,2
o,1337.859375,271.5,1350.359375,1325.359375,283.0,260.0,trial_001,2
s,1363.0625,271.5,1375.5625,1350.5625,283.0,260.0,trial_001,2
 ,1388.265625,283.0,1400.765625,1375.765625,283.0,283.0,trial_001,2
m,1413.46875,271.5,1425.96875,1400.96875,283.0,260.0,trial_001,2
á,1438.671875,268.0,1451.171875,1426.171875,283.0,253.0,trial_001,2
s,1463.875,271.5,1476.375,1451.375,283.0,260.0,trial_001,2
 ,1489.078125,283.0,1501.578125,1476.578125,283.0,283.0,trial_001,2
c,1514.28125,271.5,1526.78125,1501.78125,283.0,260.0,trial_001,2
o,1539.484375,271.5,1551.984375,1526.984375,283.0,260.0,trial_001,2
m,1564.6875,271.5,1577.1875,1552.1875,283.0,260.0,trial_001,2
o,1589.890625,271.5,1602.390625,1577.390625,283.0,260.0,trial_001,2
 ,1615.09375,283.0,1627.59375,1602.59375,283.0,283.0,trial_001,2
u,1640.296875,271.5,1652.796875,1627.796875,283.0,260.0,trial_001,2
n,1665.5,271.5,1678.0,1653.0,283.0,260.0,trial_001,2
m,52.5,355.5,65,40,367.0,344.0,trial_001,3
i,77.703125,352.0,90.203125,65.203125,367.0,337.0,trial_001,3
s,102.90625,355.5,115.40625,90.40625,367.0,344.0,trial_001,3
t,128.109375,352.5,140.609375,115.609375,367.0,338.0,trial_001,3
e,153.3125,355.5,165.8125,140.8125,367.0,344.0,trial_001,3
r,178.515625,355.5,191.015625,166.015625,367.0,344.0,trial_001,3
i,203.71875,352.0,216.21875,191.21875,367.0,337.0,trial_001,3
o,228.921875,355.5,241.421875,216.421875,367.0,344.0,trial_001,3
 ,254.125,367.0,266.625,241.625,367.0,367.0,trial_001,3
q,279.328125,360.0,291.828125,266.828125,376.0,344.0,trial_001,3
u,304.53125,355.5,317.03125,292.03125,367.0,344.0,trial_001,3
e,329.734375,355.5,342.234375,317.234375,367.0,344.0,trial_001,3
 ,354.9375,367.0,367.4375,342.4375,367.0,367.0,trial_001,3
c,380.140625,355.5,392.640625,367.640625,367.0,344.0,trial_001,3
o,405.34375,355.5,417.84375,392.84375,367.0,344.0,trial_001,3
m,430.546875,355.5,443.046875,418.046875,367.0,344.0,trial_001,3
o,455.75,355.5,468.25,443.25,367.0,344.0,trial_001,3
 ,480.953125,367.0,493.453125,468.453125,367.0,367.0,trial_001,3
u,506.15625,355.5,518.65625,493.65625,367.0,344.0,trial_001,3
n,531.359375,355.5,543.859375,518.859375,367.0,344.0,trial_001,3
 ,556.5625,367.0,569.0625,544.0625,367.0,367.0,trial_001,3
i,581.765625,352.0,594.265625,569.265625,367.0,337.0,trial_001,3
n,606.96875,355.5,619.46875,594.46875,367.0,344.0,trial_001,3
t,632.171875,352.5,644.671875,619.671875,367.0,338.0,trial_001,3
e,657.375,355.5,669.875,644.875,367.0,344.0,trial_001,3
r,682.578125,355.5,695.078125,670.078125,367.0,344.0,trial_001,3
r,707.78125,355.5,720.28125,695.28125,367.0,344.0,trial_001,3
o,732.984375,355.5,745.484375,720.484375,367.0,344.0,trial_001,3
g,758.1875,360.0,770.6875,745.6875,376.0,344.0,trial_001,3
a,783.390625,355.5,795.890625,770.890625,367.0,344.0,trial_001,3
n,808.59375,355.5,821.09375,796.09375,367.0,344.0,trial_001,3
t,833.796875,352.5,846.296875,821.296875,367.0,338.0,trial_001,3
e,859.0,355.5,871.5,846.5,367.0,344.0,trial_001,3
 ,884.203125,367.0,896.703125,871.703125,367.0,367.0,trial_001,3
d,909.40625,352.0,921.90625,896.90625,367.0,337.0,trial_001,3
e,934.609375,355.5,947.109375,922.109375,367.0,344.0,trial_001,3
l,959.8125,351.5,972.3125,947.3125,367.0,336.0,trial_001,3
 ,985.015625,367.0,997.515625,972.515625,367.0,367.0,trial_001,3
p,1010.21875,360.0,1022.71875,997.71875,376.0,344.0,trial_001,3
e,1035.421875,355.5,1047.921875,1022.921875,367.0,344.0,trial_001,3
n,1060.625,355.5,1073.125,1048.125,367.0,344.0,trial_001,3
s,1085.828125,355.5,1098.328125,1073.328125,367.0,344.0,trial_001,3
a,1111.03125,355.5,1123.53125,1098.53125,367.0,344.0,trial_001,3
m,1136.234375,355.5,1148.734375,1123.734375,367.0,344.0,trial_001,3
i,1161.4375,352.0,1173.9375,1148.9375,367.0,337.0,trial_001,3
e,1186.640625,355.5,1199.140625,1174.140625,367.0,344.0,trial_001,3
n,1211.84375,355.5,1224.34375,1199.34375,367.0,344.0,trial_001,3
t,1237.046875,352.5,1249.546875,1224.546875,367.0,338.0,trial_001,3
o,1262.25,355.5,1274.75,1249.75,367.0,344.0,trial_001,3
.,1287.453125,364.0,1299.953125,1274.953125,367.0,361.0,trial_001,3
 ,1312.65625,367.0,1325.15625,1300.15625,367.0,367.0,trial_001,3
¿,1337.859375,358.0,1350.359375,1325.359375,372.0,344.0,trial_001,3
P,1363.0625,353.0,1375.5625,1350.5625,367.0,339.0,trial_001,3
o,1388.265625,355.5,1400.765625,1375.765625,367.0,344.0,trial_001,3
r,1413.46875,355.5,1425.96875,1400.96875,367.0,344.0,trial_001,3
 ,1438.671875,367.0,1451.171875,1426.171875,367.0,367.0,trial_001,3
q,1463.875,360.0,1476.375,1451.375,376.0,344.0,trial_001,3
u,1489.078125,355.5,1501.578125,1476.578125,367.0,344.0,trial_001,3
é,1514.28125,352.0,1526.78125,1501.78125,367.0,337.0,trial_001,3
 ,1539.484375,367.0,1551.984375,1526.984375,367.0,367.0,trial_001,3
s,1564.6875,355.5,1577.1875,1552.1875,367.0,344.0,trial_001,3
e,1589.890625,355.5,1602.390625,1577.390625,367.0,344.0,trial_001,3
e,52.5,439.5,65,40,451.0,428.0,trial_001,4
x,77.703125,439.5,90.203125,65.203125,451.0,428.0,trial_001,4
t,102.90625,436.5,115.40625,90.40625,451.0,422.0,trial_001,4
i,128.109375,436.0,140.609375,115.609375,451.0,421.0,trial_001,4
n,153.3125,439.5,165.8125,140.8125,451.0,428.0,trial_001,4
g,178.515625,444.0,191.015625,166.015625,460.0,428.0,trial_001,4
u,203.71875,439.5,216.21875,191.21875,451.0,428.0,trial_001,4
i,228.921875,436.0,241.421875,216.421875,451.0,421.0,trial_001,4
e,254.125,439.5,266.625,241.625,451.0,428.0,trial_001,4
r,279.328125,439.5,291.828125,266.828125,451.0,428.0,trial_001,4
o,304.53125,439.5,317.03125,292.03125,451.0,428.0,trial_001,4
n,329.734375,439.5,342.234375,317.234375,451.0,428.0,trial_001,4
 ,354.9375,451.0,367.4375,342.4375,451.0,451.0,trial_001,4
l,380.140625,435.5,392.640625,367.640625,451.0,420.0,trial_001,4
o,405.34375,439.5,417.84375,392.84375,451.0,428.0,trial_001,4
s,430.546875,439.5,443.046875,418.046875,451.0,428.0,trial_001,4
 ,455.75,451.0,468.25,443.25,451.0,451.0,trial_001,4
n,480.953125,439.5,493.453125,468.453125,451.0,428.0,trial_001,4
e,506.15625,439.5,518.65625,493.65625,451.0,428.0,trial_001,4
a,531.359375,439.5,543.859375,518.859375,451.0,428.0,trial_001,4
n,556.5625,439.5,569.0625,544.0625,451.0,428.0,trial_001,4
d,581.765625,436.0,594.265625,569.265625,451.0,421.0,trial_001,4
e,606.96875,439.5,619.46875,594.46875,451.0,428.0,trial_001,4
r,632.171875,439.5,644.671875,619.671875,451.0,428.0,trial_001,4
t,657.375,436.5,669.875,644.875,451.0,422.0,trial_001,4
a,682.578125,439.5,695.078125,670.078125,451.0,428.0,trial_001,4
l,707.78125,435.5,720.28125,695.28125,451.0,420.0,trial_001,4
e,732.984375,439.5,745.484375,720.484375,451.0,428.0,trial_001,4
s,758.1875,439.5,770.6875,745.6875,451.0,428.0,trial_001,4
?,783.390625,437.0,795.890625,770.890625,451.0,423.0,trial_001,4
 ,808.59375,451.0,821.09375,796.09375,451.0,451.0,trial_001,4
H,833.796875,437.0,846.296875,821.296875,451.0,423.0,trial_001,4
i,859.0,436.0,871.5,846.5,451.0,421.0,trial_001,4
s,884.203125,439.5,896.703125,871.703125,451.0,428.0,trial_001,4
t,909.40625,436.5,921.90625,896.90625,451.0,422.0,trial_001,4
ó,934.609375,436.0,947.109375,922.109375,451.0,421.0,trial_001,4
r,959.8125,439.5,972.3125,947.3125,451.0,428.0,trial_001,4
i,985.015625,436.0,997.515625,972.515625,451.0,421.0,trial_001,4
c,1010.21875,439.5,1022.71875,997.71875,451.0,428.0,trial_001,4
a,1035.421875,439.5,1047.921875,1022.921875,451.0,428.0,trial_001,4
m,1060.625,439.5,1073.125,1048.125,451.0,428.0,trial_001,4
e,1085.828125,439.5,1098.328125,1073.328125,451.0,428.0,trial_001,4
n,1111.03125,439.5,1123.53125,1098.53125,451.0,428.0,trial_001,4
t,1136.234375,436.5,1148.734375,1123.734375,451.0,422.0,trial_001,4
e,1161.4375,439.5,1173.9375,1148.9375,451.0,428.0,trial_001,4
",",1186.640625,452.0,1199.140625,1174.140625,459.0,445.0,trial_001,4
 ,1211.84375,451.0,1224.34375,1199.34375,451.0,451.0,trial_001,4
l,1237.046875,435.5,1249.546875,1224.546875,451.0,420.0,trial_001,4
a,1262.25,439.5,1274.75,1249.75,451.0,428.0,trial_001,4
s,1287.453125,439.5,1299.953125,1274.953125,451.0,428.0,trial_001,4
 ,1312.65625,451.0,1325.15625,1300.15625,451.0,451.0,trial_001,4
c,1337.859375,439.5,1350.359375,1325.359375,451.0,428.0,trial_001,4
a,1363.0625,439.5,1375.5625,1350.5625,451.0,428.0,trial_001,4
u,1388.265625,439.5,1400.765625,1375.765625,451.0,428.0,trial_001,4
s,1413.46875,439.5,1425.96875,1400.96875,451.0,428.0,trial_001,4
a,1438.671875,439.5,1451.171875,1426.171875,451.0,428.0,trial_001,4
s,1463.875,439.5,1476.375,1451.375,451.0,428.0,trial_001,4
 ,1489.078125,451.0,1501.578125,1476.578125,451.0,451.0,trial_001,4
p,1514.28125,444.0,1526.78125,1501.78125,460.0,428.0,trial_001,4
r,1539.484375,439.5,1551.984375,1526.984375,451.0,428.0,trial_001,4
o,1564.6875,439.5,1577.1875,1552.1875,451.0,428.0,trial_001,4
p,1589.890625,444.0,1602.390625,1577.390625,460.0,428.0,trial_001,4
u,1615.09375,439.5,1627.59375,1602.59375,451.0,428.0,trial_001,4
e,1640.296875,439.5,1652.796875,1627.796875,451.0,428.0,trial_001,4
s,1665.5,439.5,1678.0,1653.0,451.0,428.0,trial_001,4
t,1690.703125,436.5,1703.203125,1678.203125,451.0,422.0,trial_001,4
a,1715.90625,439.5,1728.40625,1703.40625,451.0,428.0,trial_001,4
s,1741.109375,439.5,1753.609375,1728.609375,451.0,428.0,trial_001,4
 ,1766.3125,451.0,1778.8125,1753.8125,451.0,451.0,trial_001,4
p,1791.515625,444.0,1804.015625,1779.015625,460.0,428.0,trial_001,4
a,1816.71875,439.5,1829.21875,1804.21875,451.0,428.0,trial_001,4
r,1841.921875,439.5,1854.421875,1829.421875,451.0,428.0,trial_001,4
a,1867.125,439.5,1879.625,1854.625,451.0,428.0,trial_001,4
e,52.5,523.5,65,40,535.0,512.0,trial_001,5
x,77.703125,523.5,90.203125,65.203125,535.0,512.0,trial_001,5
p,102.90625,528.0,115.40625,90.40625,544.0,512.0,trial_001,5
l,128.109375,519.5,140.609375,115.609375,535.0,504.0,trial_001,5
i,153.3125,520.0,165.8125,140.8125,535.0,505.0,trial_001,5
c,178.515625,523.5,191.015625,166.015625,535.0,512.0,trial_001,5
a,203.71875,523.5,216.21875,191.21875,535.0,512.0,trial_001,5
r,228.921875,523.5,241.421875,216.421875,535.0,512.0,trial_001,5
 ,254.125,535.0,266.625,241.625,535.0,535.0,trial_001,5
s,279.328125,523.5,291.828125,266.828125,535.0,512.0,trial_001,5
u,304.53125,523.5,317.03125,292.03125,535.0,512.0,trial_001,5
 ,329.734375,535.0,342.234375,317.234375,535.0,535.0,trial_001,5
e,354.9375,523.5,367.4375,342.4375,535.0,512.0,trial_001,5
x,380.140625,523.5,392.640625,367.640625,535.0,512.0,trial_001,5
t,405.34375,520.5,417.84375,392.84375,535.0,506.0,trial_001,5
i,430.546875,520.0,443.046875,418.046875,535.0,505.0,trial_001,5
n,455.75,523.5,468.25,443.25,535.0,512.0,trial_001,5
c,480.953125,523.5,493.453125,468.453125,535.0,512.0,trial_001,5
i,506.15625,520.0,518.65625,493.65625,535.0,505.0,trial_001,5
ó,531.359375,520.0,543.859375,518.859375,535.0,505.0,trial_001,5
n,556.5625,523.5,569.0625,544.0625,535.0,512.0,trial_001,5
 ,581.765625,535.0,594.265625,569.265625,535.0,535.0,trial_001,5
h,606.96875,520.0,619.46875,594.46875,535.0,505.0,trial_001,5
a,632.171875,523.5,644.671875,619.671875,535.0,512.0,trial_001,5
n,657.375,523.5,669.875,644.875,535.0,512.0,trial_001,5
 ,682.578125,535.0,695.078125,670.078125,535.0,535.0,trial_001,5
s,707.78125,523.5,720.28125,695.28125,535.0,512.0,trial_001,5
i,732.984375,520.0,745.484375,720.484375,535.0,505.0,trial_001,5
d,758.1875,520.0,770.6875,745.6875,535.0,505.0,trial_001,5
o,783.390625,523.5,795.890625,770.890625,535.0,512.0,trial_001,5
 ,808.59375,535.0,821.09375,796.09375,535.0,535.0,trial_001,5
m,833.796875,523.5,846.296875,821.296875,535.0,512.0,trial_001,5
u,859.0,523.5,871.5,846.5,535.0,512.0,trial_001,5
y,884.203125,528.0,896.703125,871.703125,544.0,512.0,trial_001,5
 ,909.40625,535.0,921.90625,896.90625,535.0,535.0,trial_001,5
v,934.609375,523.5,947.109375,922.109375,535.0,512.0,trial_001,5
a,959.8125,523.5,972.3125,947.3125,535.0,512.0,trial_001,5
r,985.015625,523.5,997.515625,972.515625,535.0,512.0,trial_001,5
i,1010.21875,520.0,1022.71875,997.71875,535.0,505.0,trial_001,5
o,1035.421875,523.5,1047.921875,1022.921875,535.0,512.0,trial_001,5
p,1060.625,528.0,1073.125,1048.125,544.0,512.0,trial_001,5
i,1085.828125,520.0,1098.328125,1073.328125,535.0,505.0,trial_001,5
n,1111.03125,523.5,1123.53125,1098.53125,535.0,512.0,trial_001,5
t,1136.234375,520.5,1148.734375,1123.734375,535.0,506.0,trial_001,5
a,1161.4375,523.5,1173.9375,1148.9375,535.0,512.0,trial_001,5
s,1186.640625,523.5,1199.140625,1174.140625,535.0,512.0,trial_001,5
",",1211.84375,536.0,1224.34375,1199.34375,543.0,529.0,trial_001,5
 ,1237.046875,535.0,1249.546875,1224.546875,535.0,535.0,trial_001,5
a,1262.25,523.5,1274.75,1249.75,535.0,512.0,trial_001,5
l,1287.453125,519.5,1299.953125,1274.953125,535.0,504.0,trial_001,5
g,1312.65625,528.0,1325.15625,1300.15625,544.0,512.0,trial_001,5
u,1337.859375,523.5,1350.359375,1325.359375,535.0,512.0,trial_001,5
n,1363.0625,523.5,1375.5625,1350.5625,535.0,512.0,trial_001,5
a,1388.265625,523.5,1400.765625,1375.765625,535.0,512.0,trial_001,5
s,1413.46875,523.5,1425.96875,1400.96875,535.0,512.0,trial_001,5
 ,1438.671875,535.0,1451.171875,1426.171875,535.0,535.0,trial_001,5
s,1463.875,523.5,1476.375,1451.375,535.0,512.0,trial_001,5
u,1489.078125,523.5,1501.578125,1476.578125,535.0,512.0,trial_001,5
r,1514.28125,523.5,1526.78125,1501.78125,535.0,512.0,trial_001,5
g,1539.484375,528.0,1551.984375,1526.984375,544.0,512.0,trial_001,5
i,1564.6875,520.0,1577.1875,1552.1875,535.0,505.0,trial_001,5
d,1589.890625,520.0,1602.390625,1577.390625,535.0,505.0,trial_001,5
a,1615.09375,523.5,1627.59375,1602.59375,535.0,512.0,trial_001,5
s,1640.296875,523.5,1652.796875,1627.796875,535.0,512.0,trial_001,5
s,52.5,607.5,65,40,619.0,596.0,trial_001,6
e,77.703125,607.5,90.203125,65.203125,619.0,596.0,trial_001,6
n,102.90625,607.5,115.40625,90.40625,619.0,596.0,trial_001,6
c,128.109375,607.5,140.609375,115.609375,619.0,596.0,trial_001,6
i,153.3125,604.0,165.8125,140.8125,619.0,589.0,trial_001,6
l,178.515625,603.5,191.015625,166.015625,619.0,588.0,trial_001,6
l,203.71875,603.5,216.21875,191.21875,619.0,588.0,trial_001,6
a,228.921875,607.5,241.421875,216.421875,619.0,596.0,trial_001,6
m,254.125,607.5,266.625,241.625,619.0,596.0,trial_001,6
e,279.328125,607.5,291.828125,266.828125,619.0,596.0,trial_001,6
n,304.53125,607.5,317.03125,292.03125,619.0,596.0,trial_001,6
t,329.734375,604.5,342.234375,317.234375,619.0,590.0,trial_001,6
e,354.9375,607.5,367.4375,342.4375,619.0,596.0,trial_001,6
 ,380.140625,619.0,392.640625,367.640625,619.0,619.0,trial_001,6
d,405.34375,604.0,417.84375,392.84375,619.0,589.0,trial_001,6
e,430.546875,607.5,443.046875,418.046875,619.0,596.0,trial_001,6
l,455.75,603.5,468.25,443.25,619.0,588.0,trial_001,6
 ,480.953125,619.0,493.453125,468.453125,619.0,619.0,trial_001,6
m,506.15625,607.5,518.65625,493.65625,619.0,596.0,trial_001,6
u,531.359375,607.5,543.859375,518.859375,619.0,596.0,trial_001,6
n,556.5625,607.5,569.0625,544.0625,619.0,596.0,trial_001,6
d,581.765625,604.0,594.265625,569.265625,619.0,589.0,trial_001,6
o,606.96875,607.5,619.46875,594.46875,619.0,596.0,trial_001,6
 ,632.171875,619.0,644.671875,619.671875,619.0,619.0,trial_001,6
d,657.375,604.0,669.875,644.875,619.0,589.0,trial_001,6
e,682.578125,607.5,695.078125,670.078125,619.0,596.0,trial_001,6
 ,707.78125,619.0,720.28125,695.28125,619.0,619.0,trial_001,6
l,732.984375,603.5,745.484375,720.484375,619.0,588.0,trial_001,6
a,758.1875,607.5,770.6875,745.6875,619.0,596.0,trial_001,6
 ,783.390625,619.0,795.890625,770.890625,619.0,619.0,trial_001,6
i,808.59375,604.0,821.09375,796.09375,619.0,589.0,trial_001,6
m,833.796875,607.5,846.296875,821.296875,619.0,596.0,trial_001,6
a,859.0,607.5,871.5,846.5,619.0,596.0,trial_001,6
g,884.203125,612.0,896.703125,871.703125,628.0,596.0,trial_001,6
i,909.40625,604.0,921.90625,896.90625,619.0,589.0,trial_001,6
n,934.609375,607.5,947.109375,922.109375,619.0,596.0,trial_001,6
a,959.8125,607.5,972.3125,947.3125,619.0,596.0,trial_001,6
c,985.015625,607.5,997.515625,972.515625,619.0,596.0,trial_001,6
i,1010.21875,604.0,1022.71875,997.71875,619.0,589.0,trial_001,6
ó,1035.421875,604.0,1047.921875,1022.921875,619.0,589.0,trial_001,6
n,1060.625,607.5,1073.125,1048.125,619.0,596.0,trial_001,6
 ,1085.828125,619.0,1098.328125,1073.328125,619.0,619.0,trial_001,6
y,1111.03125,612.0,1123.53125,1098.53125,628.0,596.0,trial_001,6
 ,1136.234375,619.0,1148.734375,1123.734375,619.0,619.0,trial_001,6
o,1161.4375,607.5,1173.9375,1148.9375,619.0,596.0,trial_001,6
t,1186.640625,604.5,1199.140625,1174.140625,619.0,590.0,trial_001,6
r,1211.84375,607.5,1224.34375,1199.34375,619.0,596.0,trial_001,6
a,1237.046875,607.5,1249.546875,1224.546875,619.0,596.0,trial_001,6
s,1262.25,607.5,1274.75,1249.75,619.0,596.0,trial_001,6
 ,1287.453125,619.0,1299.953125,1274.953125,619.0,619.0,trial_001,6
m,1312.65625,607.5,1325.15625,1300.15625,619.0,596.0,trial_001,6
á,1337.859375,604.0,1350.359375,1325.359375,619.0,589.0,trial_001,6
s,1363.0625,607.5,1375.5625,1350.5625,619.0,596.0,trial_001,6
 ,1388.265625,619.0,1400.765625,1375.765625,619.0,619.0,trial_001,6
p,1413.46875,612.0,1425.96875,1400.96875,628.0,596.0,trial_001,6
r,1438.671875,607.5,1451.171875,1426.171875,619.0,596.0,trial_001,6
o,1463.875,607.5,1476.375,1451.375,619.0,596.0,trial_001,6
p,1489.078125,612.0,1501.578125,1476.578125,628.0,596.0,trial_001,6
i,1514.28125,604.0,1526.78125,1501.78125,619.0,589.0,trial_001,6
a,1539.484375,607.5,1551.984375,1526.984375,619.0,596.0,trial_001,6
s,1564.6875,607.5,1577.1875,1552.1875,619.0,596.0,trial_001,6
 ,1589.890625,619.0,1602.390625,1577.390625,619.0,619.0,trial_001,6
d,1615.09375,604.0,1627.59375,1602.59375,619.0,589.0,trial_001,6
e,1640.296875,607.5,1652.796875,1627.796875,619.0,596.0,trial_001,6
l,1665.5,603.5,1678.0,1653.0,619.0,588.0,trial_001,6
 ,1690.703125,619.0,1703.203125,1678.203125,619.0,619.0,trial_001,6
d,1715.90625,604.0,1728.40625,1703.40625,619.0,589.0,trial_001,6
o,1741.109375,607.5,1753.609375,1728.609375,619.0,596.0,trial_001,6
m,1766.3125,607.5,1778.8125,1753.8125,619.0,596.0,trial_001,6
i,1791.515625,604.0,1804.015625,1779.015625,619.0,589.0,trial_001,6
n,1816.71875,607.5,1829.21875,1804.21875,619.0,596.0,trial_001,6
i,1841.921875,604.0,1854.421875,1829.421875,619.0,589.0,trial_001,6
o,1867.125,607.5,1879.625,1854.625,619.0,596.0,trial_001,6
c,52.5,691.5,65,40,703.0,680.0,trial_001,7
i,77.703125,688.0,90.203125,65.203125,703.0,673.0,trial_001,7
e,102.90625,691.5,115.40625,90.40625,703.0,680.0,trial_001,7
n,128.109375,691.5,140.609375,115.609375,703.0,680.0,trial_001,7
t,153.3125,688.5,165.8125,140.8125,703.0,674.0,trial_001,7
í,178.515625,688.0,191.015625,166.015625,703.0,673.0,trial_001,7
f,203.71875,688.0,216.21875,191.21875,703.0,673.0,trial_001,7
i,228.921875,688.0,241.421875,216.421875,703.0,673.0,trial_001,7
c,254.125,691.5,266.625,241.625,703.0,680.0,trial_001,7
o,279.328125,691.5,291.828125,266.828125,703.0,680.0,trial_001,7
.,304.53125,700.0,317.03125,292.03125,703.0,697.0,trial_001,7
 ,329.734375,703.0,342.234375,317.234375,703.0,703.0,trial_001,7
E,354.9375,689.0,367.4375,342.4375,703.0,675.0,trial_001,7
n,380.140625,691.5,392.640625,367.640625,703.0,680.0,trial_001,7
t,405.34375,688.5,417.84375,392.84375,703.0,674.0,trial_001,7
r,430.546875,691.5,443.046875,418.046875,703.0,680.0,trial_001,7
e,455.75,691.5,468.25,443.25,703.0,680.0,trial_001,7
 ,480.953125,703.0,493.453125,468.453125,703.0,703.0,trial_001,7
e,506.15625,691.5,518.65625,493.65625,703.0,680.0,trial_001,7
s,531.359375,691.5,543.859375,518.859375,703.0,680.0,trial_001,7
t,556.5625,688.5,569.0625,544.0625,703.0,674.0,trial_001,7
a,581.765625,691.5,594.265625,569.265625,703.0,680.0,trial_001,7
s,606.96875,691.5,619.46875,594.46875,703.0,680.0,trial_001,7
 ,632.171875,703.0,644.671875,619.671875,703.0,703.0,trial_001,7
ú,657.375,688.0,669.875,644.875,703.0,673.0,trial_001,7
l,682.578125,687.5,695.078125,670.078125,703.0,672.0,trial_001,7
t,707.78125,688.5,720.28125,695.28125,703.0,674.0,trial_001,7
i,732.984375,688.0,745.484375,720.484375,703.0,673.0,trial_001,7
m,758.1875,691.5,770.6875,745.6875,703.0,680.0,trial_001,7
a,783.390625,691.5,795.890625,770.890625,703.0,680.0,trial_001,7
s,808.59375,691.5,821.09375,796.09375,703.0,680.0,trial_001,7
",",833.796875,704.0,846.296875,821.296875,711.0,697.0,trial_001,7
 ,859.0,703.0,871.5,846.5,703.0,703.0,trial_001,7
l,884.203125,687.5,896.703125,871.703125,703.0,672.0,trial_001,7
a,909.40625,691.5,921.90625,896.90625,703.0,680.0,trial_001,7
s,934.609375,691.5,947.109375,922.109375,703.0,680.0,trial_001,7
 ,959.8125,703.0,972.3125,947.3125,703.0,703.0,trial_001,7
h,985.015625,688.0,997.515625,972.515625,703.0,673.0,trial_001,7
i,1010.21875,688.0,1022.71875,997.71875,703.0,673.0,trial_001,7
p,1035.421875,696.0,1047.921875,1022.921875,712.0,680.0,trial_001,7
ó,1060.625,688.0,1073.125,1048.125,703.0,673.0,trial_001,7
t,1085.828125,688.5,1098.328125,1073.328125,703.0,674.0,trial_001,7
e,1111.03125,691.5,1123.53125,1098.53125,703.0,680.0,trial_001,7
s,1136.234375,691.5,1148.734375,1123.734375,703.0,680.0,trial_001,7
i,1161.4375,688.0,1173.9375,1148.9375,703.0,673.0,trial_001,7
s,1186.640625,691.5,1199.140625,1174.140625,703.0,680.0,trial_001,7
 ,1211.84375,703.0,1224.34375,1199.34375,703.0,703.0,trial_001,7
s,1237.046875,691.5,1249.546875,1224.546875,703.0,680.0,trial_001,7
e,1262.25,691.5,1274.75,1249.75,703.0,680.0,trial_001,7
 ,1287.453125,703.0,1299.953125,1274.953125,703.0,703.0,trial_001,7
p,1312.65625,696.0,1325.15625,1300.15625,712.0,680.0,trial_001,7
u,1337.859375,691.5,1350.359375,1325.359375,703.0,680.0,trial_001,7
e,1363.0625,691.5,1375.5625,1350.5625,703.0,680.0,trial_001,7
d,1388.265625,688.0,1400.765625,1375.765625,703.0,673.0,trial_001,7
e,1413.46875,691.5,1425.96875,1400.96875,703.0,680.0,trial_001,7
n,1438.671875,691.5,1451.171875,1426.171875,703.0,680.0,trial_001,7
 ,1463.875,703.0,1476.375,1451.375,703.0,703.0,trial_001,7
a,1489.078125,691.5,1501.578125,1476.578125,703.0,680.0,trial_001,7
g,1514.28125,696.0,1526.78125,1501.78125,712.0,680.0,trial_001,7
r,1539.484375,691.5,1551.984375,1526.984375,703.0,680.0,trial_001,7
u,1564.6875,691.5,1577.1875,1552.1875,703.0,680.0,trial_001,7
p,1589.890625,696.0,1602.390625,1577.390625,712.0,680.0,trial_001,7
a,1615.09375,691.5,1627.59375,1602.59375,703.0,680.0,trial_001,7
r,1640.296875,691.5,1652.796875,1627.796875,703.0,680.0,trial_001,7
 ,1665.5,703.0,1678.0,1653.0,703.0,703.0,trial_001,7
s,1690.703125,691.5,1703.203125,1678.203125,703.0,680.0,trial_001,7
e,1715.90625,691.5,1728.40625,1703.40625,703.0,680.0,trial_001,7
g,1741.109375,696.0,1753.609375,1728.609375,712.0,680.0,trial_001,7
ú,1766.3125,688.0,1778.8125,1753.8125,703.0,673.0,trial_001,7
n,1791.515625,691.5,1804.015625,1779.015625,703.0,680.0,trial_001,7
 ,1816.71875,703.0,1829.21875,1804.21875,703.0,703.0,trial_001,7
l,1841.921875,687.5,1854.421875,1829.421875,703.0,672.0,trial_001,7
a,1867.125,691.5,1879.625,1854.625,703.0,680.0,trial_001,7
n,52.5,775.5,65,40,787.0,764.0,trial_001,8
a,77.703125,775.5,90.203125,65.203125,787.0,764.0,trial_001,8
t,102.90625,772.5,115.40625,90.40625,787.0,758.0,trial_001,8
u,128.109375,775.5,140.609375,115.609375,787.0,764.0,trial_001,8
r,153.3125,775.5,165.8125,140.8125,787.0,764.0,trial_001,8
a,178.515625,775.5,191.015625,166.015625,787.0,764.0,trial_001,8
l,203.71875,771.5,216.21875,191.21875,787.0,756.0,trial_001,8
e,228.921875,775.5,241.421875,216.421875,787.0,764.0,trial_001,8
z,254.125,775.5,266.625,241.625,787.0,764.0,trial_001,8
a,279.328125,775.5,291.828125,266.828125,787.0,764.0,trial_001,8
 ,304.53125,787.0,317.03125,292.03125,787.0,787.0,trial_001,8
d,329.734375,772.0,342.234375,317.234375,787.0,757.0,trial_001,8
e,354.9375,775.5,367.4375,342.4375,787.0,764.0,trial_001,8
 ,380.140625,787.0,392.640625,367.640625,787.0,787.0,trial_001,8
l,405.34375,771.5,417.84375,392.84375,787.0,756.0,trial_001,8
a,430.546875,775.5,443.046875,418.046875,787.0,764.0,trial_001,8
s,455.75,775.5,468.25,443.25,787.0,764.0,trial_001,8
 ,480.953125,787.0,493.453125,468.453125,787.0,787.0,trial_001,8
c,506.15625,775.5,518.65625,493.65625,787.0,764.0,trial_001,8
a,531.359375,775.5,543.859375,518.859375,787.0,764.0,trial_001,8
u,556.5625,775.5,569.0625,544.0625,787.0,764.0,trial_001,8
s,581.765625,775.5,594.265625,569.265625,787.0,764.0,trial_001,8
a,606.96875,775.5,619.46875,594.46875,787.0,764.0,trial_001,8
s,632.171875,775.5,644.671875,619.671875,787.0,764.0,trial_001,8
:,657.375,775.5,669.875,644.875,787.0,764.0,trial_001,8
 ,682.578125,787.0,695.078125,670.078125,787.0,787.0,trial_001,8
f,707.78125,772.0,720.28125,695.28125,787.0,757.0,trial_001,8
i,732.984375,772.0,745.484375,720.484375,787.0,757.0,trial_001,8
s,758.1875,775.5,770.6875,745.6875,787.0,764.0,trial_001,8
i,783.390625,772.0,795.890625,770.890625,787.0,757.0,trial_001,8
o,808.59375,775.5,821.09375,796.09375,787.0,764.0,trial_001,8
l,833.796875,771.5,846.296875,821.296875,787.0,756.0,trial_001,8
ó,859.0,772.0,871.5,846.5,787.0,757.0,trial_001,8
g,884.203125,780.0,896.703125,871.703125,796.0,764.0,trial_001,8
i,909.40625,772.0,921.90625,896.90625,787.0,757.0,trial_001,8
c,934.609375,775.5,947.109375,922.109375,787.0,764.0,trial_001,8
a,959.8125,775.5,972.3125,947.3125,787.0,764.0,trial_001,8
s,985.015625,775.5,997.515625,972.515625,787.0,764.0,trial_001,8
",",1010.21875,788.0,1022.71875,997.71875,795.0,781.0,trial_001,8
 ,1035.421875,787.0,1047.921875,1022.921875,787.0,787.0,trial_001,8
e,1060.625,775.5,1073.125,1048.125,787.0,764.0,trial_001,8
c,1085.828125,775.5,1098.328125,1073.328125,787.0,764.0,trial_001,8
o,1111.03125,775.5,1123.53125,1098.53125,787.0,764.0,trial_001,8
l,1136.234375,771.5,1148.734375,1123.734375,787.0,756.0,trial_001,8
ó,1161.4375,772.0,1173.9375,1148.9375,787.0,757.0,trial_001,8
g,1186.640625,780.0,1199.140625,1174.140625,796.0,764.0,trial_001,8
i,1211.84375,772.0,1224.34375,1199.34375,787.0,757.0,trial_001,8
c,1237.046875,775.5,1249.546875,1224.546875,787.0,764.0,trial_001,8
a,1262.25,775.5,1274.75,1249.75,787.0,764.0,trial_001,8
s,1287.453125,775.5,1299.953125,1274.953125,787.0,764.0,trial_001,8
 ,1312.65625,787.0,1325.15625,1300.15625,787.0,787.0,trial_001,8
o,1337.859375,775.5,1350.359375,1325.359375,787.0,764.0,trial_001,8
 ,1363.0625,787.0,1375.5625,1350.5625,787.0,787.0,trial_001,8
p,1388.265625,780.0,1400.765625,1375.765625,796.0,764.0,trial_001,8
u,1413.46875,775.5,1425.96875,1400.96875,787.0,764.0,trial_001,8
r,1438.671875,775.5,1451.171875,1426.171875,787.0,764.0,trial_001,8
a,1463.875,775.5,1476.375,1451.375,787.0,764.0,trial_001,8
m,1489.078125,775.5,1501.578125,1476.578125,787.0,764.0,trial_001,8
e,1514.28125,775.5,1526.78125,1501.78125,787.0,764.0,trial_001,8
n,1539.484375,775.5,1551.984375,1526.984375,787.0,764.0,trial_001,8
t,1564.6875,772.5,1577.1875,1552.1875,787.0,758.0,trial_001,8
e,1589.890625,775.5,1602.390625,1577.390625,787.0,764.0,trial_001,8
a,52.5,859.5,65,40,871.0,848.0,trial_001,9
m,77.703125,859.5,90.203125,65.203125,871.0,848.0,trial_001,9
b,102.90625,856.0,115.40625,90.40625,871.0,841.0,trial_001,9
i,128.109375,856.0,140.609375,115.609375,871.0,841.0,trial_001,9
e,153.3125,859.5,165.8125,140.8125,871.0,848.0,trial_001,9
n,178.515625,859.5,191.015625,166.015625,871.0,848.0,trial_001,9
t,203.71875,856.5,216.21875,191.21875,871.0,842.0,trial_001,9
a,228.921875,859.5,241.421875,216.421875,871.0,848.0,trial_001,9
l,254.125,855.5,266.625,241.625,871.0,840.0,trial_001,9
e,279.328125,859.5,291.828125,266.828125,871.0,848.0,trial_001,9
s,304.53125,859.5,317.03125,292.03125,871.0,848.0,trial_001,9
.,329.734375,868.0,342.234375,317.234375,871.0,865.0,trial_001,9
 ,354.9375,871.0,367.4375,342.4375,871.0,871.0,trial_001,9
A,380.640625,857.0,393.640625,367.640625,871.0,843.0,trial_001,9
 ,405.34375,871.0,417.84375,392.84375,871.0,871.0,trial_001,9
e,430.546875,859.5,443.046875,418.046875,871.0,848.0,trial_001,9
s,455.75,859.5,468.25,443.25,871.0,848.0,trial_001,9
t,480.953125,856.5,493.453125,468.453125,871.0,842.0,trial_001,9
a,506.15625,859.5,518.65625,493.65625,871.0,848.0,trial_001,9
s,531.359375,859.5,543.859375,518.859375,871.0,848.0,trial_001,9
 ,556.5625,871.0,569.0625,544.0625,871.0,871.0,trial_001,9
c,581.765625,859.5,594.265625,569.265625,871.0,848.0,trial_001,9
a,606.96875,859.5,619.46875,594.46875,871.0,848.0,trial_001,9
b,632.171875,856.0,644.671875,619.671875,871.0,841.0,trial_001,9
r,657.375,859.5,669.875,644.875,871.0,848.0,trial_001,9
í,682.578125,856.0,695.078125,670.078125,871.0,841.0,trial_001,9
a,707.78125,859.5,720.28125,695.28125,871.0,848.0,trial_001,9
 ,732.984375,871.0,745.484375,720.484375,871.0,871.0,trial_001,9
a,758.1875,859.5,770.6875,745.6875,871.0,848.0,trial_001,9
ñ,783.390625,856.0,795.890625,770.890625,871.0,841.0,trial_001,9
a,808.59375,859.5,821.09375,796.09375,871.0,848.0,trial_001,9
d,833.796875,856.0,846.296875,821.296875,871.0,841.0,trial_001,9
i,859.0,856.0,871.5,846.5,871.0,841.0,trial_001,9
r,884.203125,859.5,896.703125,871.703125,871.0,848.0,trial_001,9
 ,909.40625,871.0,921.90625,896.90625,871.0,871.0,trial_001,9
p,934.609375,864.0,947.109375,922.109375,880.0,848.0,trial_001,9
o,959.8125,859.5,972.3125,947.3125,871.0,848.0,trial_001,9
s,985.015625,859.5,997.515625,972.515625,871.0,848.0,trial_001,9
i,1010.21875,856.0,1022.71875,997.71875,871.0,841.0,trial_001,9
b,1035.421875,856.0,1047.921875,1022.921875,871.0,841.0,trial_001,9
l,1060.625,855.5,1073.125,1048.125,871.0,840.0,trial_001,9
e,1085.828125,859.5,1098.328125,1073.328125,871.0,848.0,trial_001,9
s,1111.03125,859.5,1123.53125,1098.53125,871.0,848.0,trial_001,9
 ,1136.234375,871.0,1148.734375,1123.734375,871.0,871.0,trial_001,9
c,1161.4375,859.5,1173.9375,1148.9375,871.0,848.0,trial_001,9
a,1186.640625,859.5,1199.140625,1174.140625,871.0,848.0,trial_001,9
u,1211.84375,859.5,1224.34375,1199.34375,871.0,848.0,trial_001,9
s,1237.046875,859.5,1249.546875,1224.546875,871.0,848.0,trial_001,9
a,1262.25,859.5,1274.75,1249.75,871.0,848.0,trial_001,9
s,1287.453125,859.5,1299.953125,1274.953125,871.0,848.0,trial_001,9
 ,1312.65625,871.0,1325.15625,1300.15625,871.0,871.0,trial_001,9
d,1337.859375,856.0,1350.359375,1325.359375,871.0,841.0,trial_001,9
e,1363.0625,859.5,1375.5625,1350.5625,871.0,848.0,trial_001,9
 ,1388.265625,871.0,1400.765625,1375.765625,871.0,871.0,trial_001,9
d,1413.46875,856.0,1425.96875,1400.96875,871.0,841.0,trial_001,9
e,1438.671875,859.5,1451.171875,1426.171875,871.0,848.0,trial_001,9
t,1463.875,856.5,1476.375,1451.375,871.0,842.0,trial_001,9
e,1489.078125,859.5,1501.578125,1476.578125,871.0,848.0,trial_001,9
r,1514.28125,859.5,1526.78125,1501.78125,871.0,848.0,trial_001,9
m,1539.484375,859.5,1551.984375,1526.984375,871.0,848.0,trial_001,9
i,1564.6875,856.0,1577.1875,1552.1875,871.0,841.0,trial_001,9
n,1589.890625,859.5,1602.390625,1577.390625,871.0,848.0,trial_001,9
a,1615.09375,859.5,1627.59375,1602.59375,871.0,848.0,trial_001,9
c,1640.296875,859.5,1652.796875,1627.796875,871.0,848.0,trial_001,9
i,1665.5,856.0,1678.0,1653.0,871.0,841.0,trial_001,9
ó,1690.703125,856.0,1703.203125,1678.203125,871.0,841.0,trial_001,9
n,1715.90625,859.5,1728.40625,1703.40625,871.0,848.0,trial_001,9
g,52.5,948.0,65,40,964.0,932.0,trial_001,10
e,77.703125,943.5,90.203125,65.203125,955.0,932.0,trial_001,10
n,102.90625,943.5,115.40625,90.40625,955.0,932.0,trial_001,10
é,128.109375,940.0,140.609375,115.609375,955.0,925.0,trial_001,10
t,153.3125,940.5,165.8125,140.8125,955.0,926.0,trial_001,10
i,178.515625,940.0,191.015625,166.015625,955.0,925.0,trial_001,10
c,203.71875,943.5,216.21875,191.21875,955.0,932.0,trial_001,10
a,228.921875,943.5,241.421875,216.421875,955.0,932.0,trial_001,10
 ,254.125,955.0,266.625,241.625,955.0,955.0,trial_001,10
n,279.328125,943.5,291.828125,266.828125,955.0,932.0,trial_001,10
o,304.53125,943.5,317.03125,292.03125,955.0,932.0,trial_001,10
 ,329.734375,955.0,342.234375,317.234375,955.0,955.0,trial_001,10
a,354.9375,943.5,367.4375,342.4375,955.0,932.0,trial_001,10
m,380.140625,943.5,392.640625,367.640625,955.0,932.0,trial_001,10
b,405.34375,940.0,417.84375,392.84375,955.0,925.0,trial_001,10
i,430.546875,940.0,443.046875,418.046875,955.0,925.0,trial_001,10
e,455.75,943.5,468.25,443.25,955.0,932.0,trial_001,10
n,480.953125,943.5,493.453125,468.453125,955.0,932.0,trial_001,10
t,506.15625,940.5,518.65625,493.65625,955.0,926.0,trial_001,10
a,531.359375,943.5,543.859375,518.859375,955.0,932.0,trial_001,10
l,556.5625,939.5,569.0625,544.0625,955.0,924.0,trial_001,10
i,581.765625,940.0,594.265625,569.265625,955.0,925.0,trial_001,10
s,606.96875,943.5,619.46875,594.46875,955.0,932.0,trial_001,10
t,632.171875,940.5,644.671875,619.671875,955.0,926.0,trial_001,10
a,657.375,943.5,669.875,644.875,955.0,932.0,trial_001,10
.,682.578125,952.0,695.078125,670.078125,955.0,949.0,trial_001,10
L,476.25,67.0,491.75,460.75,84,50,trial_001,0
a,507.453125,70.5,522.953125,491.953125,85,56,trial_001,0
 ,538.65625,84.0,554.15625,523.15625,84,84,trial_001,0
e,569.859375,70.5,585.359375,554.359375,85,56,trial_001,0
x,601.0625,70.5,616.5625,585.5625,84,57,trial_001,0
t,632.265625,67.5,647.765625,616.765625,85,50,trial_001,0
i,663.46875,65.0,678.96875,647.96875,84,46,trial_001,0
n,694.671875,70.0,710.171875,679.171875,84,56,trial_001,0
c,725.875,70.5,741.375,710.375,85,56,trial_001,0
i,757.078125,65.0,772.578125,741.578125,84,46,trial_001,0
ó,788.28125,65.5,803.78125,772.78125,85,46,trial_001,0
n,819.484375,70.0,834.984375,803.984375,84,56,trial_001,0
 ,850.6875,84.0,866.1875,835.1875,84,84,trial_001,0
d,881.890625,65.5,897.390625,866.390625,85,46,trial_001,0
e,913.09375,70.5,928.59375,897.59375,85,56,trial_001,0
 ,944.296875,84.0,959.796875,928.796875,84,84,trial_001,0
l,975.5,65.0,991.0,960.0,84,46,trial_001,0
o,1006.703125,70.5,1022.203125,991.203125,85,56,trial_001,0
s,1037.90625,70.5,1053.40625,1022.40625,85,56,trial_001,0
 ,1069.109375,84.0,1084.609375,1053.609375,84,84,trial_001,0
n,1100.3125,70.0,1115.8125,1084.8125,84,56,trial_001,0
e,1131.515625,70.5,1147.015625,1116.015625,85,56,trial_001,0
a,1162.71875,70.5,1178.21875,1147.21875,85,56,trial_001,0
n,1193.921875,70.0,1209.421875,1178.421875,84,56,trial_001,0
d,1225.125,65.5,1240.625,1209.625,85,46,trial_001,0
e,1256.328125,70.5,1271.828125,1240.828125,85,56,trial_001,0
r,1287.53125,70.0,1303.03125,1272.03125,84,56,trial_001,0
t,1318.734375,67.5,1334.234375,1303.234375,85,50,trial_001,0
a,1349.9375,70.5,1365.4375,1334.4375,85,56,trial_001,0
l,1381.140625,65.0,1396.640625,1365.640625,84,46,trial_001,0
e,1412.34375,70.5,1427.84375,1396.84375,85,56,trial_001,0
s,1443.546875,70.5,1459.046875,1428.046875,85,56,trial_001,0
