x,y,start,stop,subject,trial_id
318,334,2,102,2905,30
693,164,914,986,2905,30
434,214,2669,2785,2905,30
600,199,2869,2977,2905,30
579,197,3017,3113,2905,30
490,267,3993,4049,2905,30
463,296,4173,4225,2905,30
422,288,4333,4385,2905,30
485,275,4433,4509,2905,30
667,313,5001,5057,2905,30
858,314,5717,5769,2905,30
961,322,5836,5928,2905,30
1135,257,6184,6300,2905,30
1268,213,6348,6652,2905,30
1247,232,6668,6812,2905,30
1445,262,6964,7024,2905,30
1415,230,7096,7208,2905,30
1510,218,7296,7384,2905,30
1556,336,7584,7652,2905,30
1553,357,7716,7784,2905,30
174,295,8616,8748,2905,30
395,342,9440,9564,2905,30
362,313,9851,10183,2905,30
509,340,10231,10343,2905,30
614,323,10387,10795,2905,30
749,346,10827,10975,2905,30
606,343,11019,11375,2905,30
778,350,11411,11667,2905,30
880,345,11783,12087,2905,30
997,359,12147,12435,2905,30
1080,342,12527,12607,2905,30
1165,335,12759,13274,2905,30
1237,305,13383,13582,2905,30
1401,303,13630,13874,2905,30
223,384,15222,15294,2905,30
445,348,15506,15598,2905,30
467,369,15638,15818,2905,30
513,399,16074,16182,2905,30
531,424,16286,16482,2905,30
623,422,16558,17054,2905,30
734,400,17126,17385,2905,30
812,392,17430,17553,2905,30
896,390,17585,17893,2905,30
1109,395,18021,18073,2905,30
1058,386,18113,18197,2905,30
1206,394,18693,18761,2905,30
1469,383,18861,18977,2905,30
1356,384,19049,19357,2905,30
1592,391,19597,19685,2905,30
251,429,20221,20349,2905,30
162,452,20409,20521,2905,30
322,455,20656,20884,2905,30
403,438,20936,21076,2905,30
295,445,21172,21280,2905,30
458,426,21384,21572,2905,30
580,462,21660,21980,2905,30
621,456,22032,22224,2905,30
795,439,22364,22464,2905,30
769,471,22516,22660,2905,30
874,473,22720,22868,2905,30
978,468,22912,23032,2905,30
1082,465,23184,23448,2905,30
1230,456,23500,23556,2905,30
1307,458,23684,23912,2905,30
1380,450,23936,24156,2905,30
1298,477,24280,24636,2905,30
1354,452,24664,24995,2905,30
1395,464,25056,25319,2905,30
1402,456,25356,25484,2905,30
1426,475,25531,25883,2905,30
1409,466,25915,26039,2905,30
1535,482,26087,26279,2905,30
1476,462,26495,26703,2905,30
1612,500,26855,26907,2905,30
196,570,27419,27495,2905,30
195,570,27543,27627,2905,30
316,520,27791,27935,2905,30
622,509,28183,28558,2905,30
762,512,28606,28878,2905,30
868,523,28910,29314,2905,30
912,529,29342,29482,2905,30
1012,520,29538,29618,2905,30
894,522,29706,29942,2905,30
818,532,29986,30058,2905,30
853,530,30094,30286,2905,30
993,514,30350,30402,2905,30
1002,514,30418,30546,2905,30
1131,518,30582,30762,2905,30
1107,511,30782,30938,2905,30
1227,511,30990,31258,2905,30
1302,512,31394,31590,2905,30
1430,523,31642,31910,2905,30
1400,515,31950,32046,2905,30
314,618,32449,32514,2905,30
610,206,33585,33653,2905,30
601,263,35065,35129,2905,30
224,261,36277,36408,2905,30
161,252,36532,36608,2905,30
494,261,37496,37548,2905,30
839,324,38160,38216,2905,30
848,336,38248,38328,2905,30
961,261,38408,38588,2905,30
1078,258,38652,38912,2905,30
1276,261,39132,39304,2905,30
1444,318,40679,40731,2905,30
178,366,41595,41651,2905,30
173,359,41671,41723,2905,30
188,339,41835,41907,2905,30
468,342,42131,42191,2905,30
460,326,42231,42283,2905,30
292,210,42751,42887,2905,30
508,317,43007,43079,2905,30
585,311,43107,43163,2905,30
694,381,43550,43635,2905,30
752,389,43658,43767,2905,30
1042,394,44182,44238,2905,30
995,329,44414,44506,2905,30
1410,352,45038,45182,2905,30
435,440,46526,46626,2905,30
649,415,46706,46822,2905,30
651,412,46846,46922,2905,30
637,422,46974,47086,2905,30
885,430,47330,47606,2905,30
921,427,47709,47813,2905,30
787,421,47885,48169,2905,30
1116,402,48361,48573,2905,30
1080,411,48613,48745,2905,30
1218,423,48837,48969,2905,30
1206,454,49037,49205,2905,30
1372,421,49273,49429,2905,30
1605,498,49745,49801,2905,30
267,502,50053,50141,2905,30
366,455,50621,50705,2905,30
546,470,51092,51201,2905,30
613,479,51241,51516,2905,30
787,480,51576,51712,2905,30
742,474,51836,51976,2905,30
738,484,51996,52088,2905,30
921,489,52172,52288,2905,30
979,481,52352,52548,2905,30
1111,475,52588,52812,2905,30
1315,471,53040,53140,2905,30
1280,473,53168,53312,2905,30
1338,460,53348,53496,2905,30
1430,510,53648,53700,2905,30
1367,464,53816,53920,2905,30
1310,463,53984,54076,2905,30
1300,479,54176,54256,2905,30
1361,477,54308,54444,2905,30
1444,520,55036,55099,2905,30
165,534,55771,55867,2905,30
320,547,55919,55971,2905,30
394,531,56171,56275,2905,30
403,550,56303,56427,2905,30
455,528,56475,56591,2905,30
642,538,56643,56927,2905,30
810,538,57015,57283,2905,30
899,556,57327,57447,2905,30
753,527,57547,57623,2905,30
792,526,57667,57799,2905,30
1019,534,57859,58095,2905,30
1144,538,58155,58287,2905,30
1245,523,58379,58475,2905,30
1327,521,58631,58802,2905,30
1477,543,59002,59090,2905,30
149,659,59510,59566,2905,30
1157,535,60226,60386,2905,30
899,504,60458,60578,2905,30
226,111,2,142,1301,30
295,178,178,314,1301,30
623,176,358,518,1301,30
642,169,538,682,1301,30
798,168,714,1098,1301,30
648,185,1618,2110,1301,30
642,157,2138,2678,1301,30
646,179,2886,2954,1301,30
644,174,2986,3102,1301,30
642,159,3150,3433,1301,30
846,172,3505,3685,1301,30
796,162,3765,3945,1301,30
706,164,3973,4121,1301,30
854,160,4181,4317,1301,30
1023,164,4349,4429,1301,30
1034,162,4457,4509,1301,30
1216,166,4765,4949,1301,30
1136,161,4997,5053,1301,30
1135,164,5081,5293,1301,30
538,214,5357,5413,1301,30
536,218,5441,5525,1301,30
274,185,5629,5865,1301,30
336,183,5893,6013,1301,30
528,186,6101,6277,1301,30
672,212,6309,6617,1301,30
692,223,6624,6756,1301,30
358,226,6808,6932,1301,30
244,255,6968,7088,1301,30
370,244,7152,7296,1301,30
623,276,7364,7524,1301,30
571,286,7548,7676,1301,30
531,291,7708,7880,1301,30
445,265,7908,8088,1301,30
756,291,8132,8228,1301,30
761,291,8244,8316,1301,30
728,291,8364,8492,1301,30
908,279,8756,9076,1301,30
949,284,9120,9196,1301,30
935,282,9228,9296,1301,30
1157,264,9384,9556,1301,30
1281,256,9660,9764,1301,30
1323,256,9792,10008,1301,30
1565,232,10128,10184,1301,30
1523,229,10212,10360,1301,30
1606,219,10396,10612,1301,30
1620,229,10724,10840,1301,30
244,209,11031,11128,1301,30
324,243,11287,11415,1301,30
562,247,11551,11707,1301,30
459,249,11735,11983,1301,30
610,259,12027,12167,1301,30
720,272,12199,12855,1301,30
951,269,13039,13167,1301,30
955,270,13195,13271,1301,30
924,292,13563,13651,1301,30
1104,281,13711,13939,1301,30
1062,278,14019,14155,1301,30
1072,288,14195,14267,1301,30
1295,268,14323,14406,1301,30
1304,257,14434,14586,1301,30
1302,256,14618,14874,1301,30
1443,213,14950,15010,1301,30
1363,240,15114,15286,1301,30
1214,242,15414,15686,1301,30
1257,252,15706,15926,1301,30
1319,244,15950,16118,1301,30
1148,249,16150,16502,1301,30
1135,133,16534,16658,1301,30
824,118,16710,16862,1301,30
638,109,16898,16954,1301,30
201,131,17094,17374,1301,30
170,165,17398,17622,1301,30
324,125,17666,17814,1301,30
470,149,17854,18050,1301,30
445,140,18066,18238,1301,30
614,175,18282,18429,1301,30
587,179,18449,18757,1301,30
263,206,18809,18949,1301,30
250,211,18977,19101,1301,30
259,220,19161,19381,1301,30
362,231,19409,19629,1301,30
476,233,19657,19933,1301,30
508,247,19953,20133,1301,30
512,246,20177,20245,1301,30
684,260,20281,20525,1301,30
721,269,20545,20713,1301,30
822,287,20745,20865,1301,30
974,275,21001,21201,1301,30
976,276,21229,21329,1301,30
1035,277,21401,21521,1301,30
1172,263,21645,21725,1301,30
1121,259,21833,21885,1301,30
1117,272,21900,21976,1301,30
1129,281,22005,22124,1301,30
1308,266,22184,22704,1301,30
1301,250,22732,22976,1301,30
1428,249,23008,23156,1301,30
1470,250,23176,23604,1301,30
1605,228,23640,23920,1301,30
1604,226,23936,24004,1301,30
1490,245,24040,24172,1301,30
1530,259,24236,24400,1301,30
1608,231,24440,24544,1301,30
286,301,24760,24884,1301,30
216,307,24908,25040,1301,30
241,322,25116,25180,1301,30
212,307,25212,25352,1301,30
228,315,25392,25456,1301,30
264,295,25484,25668,1301,30
448,310,25716,25940,1301,30
387,289,25963,26311,1301,30
652,308,26347,26543,1301,30
619,304,26563,26811,1301,30
673,308,26839,26979,1301,30
817,316,27011,27455,1301,30
888,325,27479,27683,1301,30
930,331,27707,27939,1301,30
1115,313,27979,28191,1301,30
1053,317,28219,28491,1301,30
1140,335,28535,28663,1301,30
1211,326,28687,29163,1301,30
1216,319,29191,29331,1301,30
1380,307,29479,29666,1301,30
1324,323,29694,29886,1301,30
1450,297,29990,30214,1301,30
1474,308,30266,30398,1301,30
1536,302,30422,30598,1301,30
1646,271,30634,31030,1301,30
1750,245,31058,31226,1301,30
393,316,31338,31402,1301,30
189,333,31434,31494,1301,30
195,344,31518,31674,1301,30
293,349,31702,31862,1301,30
463,344,31906,32190,1301,30
517,354,32218,32342,1301,30
676,347,32530,32742,1301,30
696,362,32762,32922,1301,30
795,376,32950,33098,1301,30
933,360,33134,33610,1301,30
980,370,33633,33853,1301,30
1156,363,33893,34041,1301,30
1101,371,34069,34329,1301,30
1187,372,34365,34517,1301,30
1322,349,34557,34741,1301,30
1295,357,34761,34897,1301,30
1518,334,34937,35073,1301,30
1437,344,35141,35257,1301,30
1289,365,35293,35485,1301,30
1253,382,35501,35613,1301,30
1363,365,35681,35813,1301,30
1405,354,35833,35893,1301,30
1401,363,35921,35997,1301,30
1496,358,36029,36145,1301,30
1498,364,36173,36265,1301,30
1490,374,36293,36385,1301,30
1642,345,36653,36804,1301,30
1640,351,36833,37008,1301,30
1703,370,37028,37240,1301,30
504,461,37348,37424,1301,30
255,441,37472,37524,1301,30
236,437,37552,37832,1301,30
500,438,37868,38032,1301,30
450,428,38056,38148,1301,30
419,423,38176,38452,1301,30
328,425,38508,38664,1301,30
486,418,38696,38880,1301,30
602,437,38912,39068,1301,30
656,446,39088,39180,1301,30
655,444,39212,39428,1301,30
806,448,39468,39544,1301,30
810,449,39572,39656,1301,30
905,453,39684,39872,1301,30
811,454,39908,40164,1301,30
967,453,40200,40332,1301,30
1035,455,40360,40660,1301,30
1183,450,40696,40928,1301,30
1140,446,40968,41143,1301,30
1382,446,41183,41256,1301,30
1346,438,41415,41571,1301,30
1393,438,41683,41827,1301,30
1529,436,41891,41951,1301,30
1531,426,41979,42087,1301,30
1686,391,42127,42695,1301,30
159,509,42899,42979,1301,30
226,511,43003,43199,1301,30
336,491,43223,43791,1301,30
446,497,43819,44271,1301,30
699,502,44315,44470,1301,30
666,498,44498,44663,1301,30
887,496,44706,44914,1301,30
804,503,44938,45086,1301,30
890,498,45114,45182,1301,30
1020,504,45214,45354,1301,30
1058,496,45374,45546,1301,30
1244,485,45586,45650,1301,30
1244,488,45662,45770,1301,30
1196,478,45794,45934,1301,30
1378,471,45974,46178,1301,30
1524,465,46218,46414,1301,30
1509,472,46562,46646,1301,30
227,528,46870,47130,1301,30
539,316,47186,47414,1301,30
496,314,47434,47574,1301,30
645,314,47606,47834,1301,30
851,327,47882,48006,1301,30
940,327,48082,48166,1301,30
1158,334,48254,48485,1301,30
1140,336,48558,48641,1301,30
1074,379,48689,48753,1301,30
963,400,48817,49053,1301,30
1158,404,49089,49177,1301,30
630,260,49981,50141,1301,30
647,193,50169,50221,1301,30
642,191,50249,50557,1301,30
644,182,50565,50765,1301,30
398,253,40,168,2104,30
268,253,204,268,2104,30
846,241,1420,1472,2104,30
855,250,1500,1576,2104,30
454,354,1988,2124,2104,30
556,324,2207,2331,2104,30
371,305,2583,2635,2104,30
493,315,2747,2799,2104,30
779,284,3199,3275,2104,30
777,319,3299,3355,2104,30
1041,374,4099,4435,2104,30
979,363,4459,4579,2104,30
1233,339,4611,4671,2104,30
1230,348,4715,4887,2104,30
1339,325,4943,5059,2104,30
1326,364,5275,5507,2104,30
1533,344,5550,5626,2104,30
1627,334,5726,5867,2104,30
1624,344,5894,6074,2104,30
1720,315,6110,6274,2104,30
1538,332,6306,6454,2104,30
1458,336,6490,6590,2104,30
1379,338,7142,7286,2104,30
1446,339,7310,7474,2104,30
242,326,7830,8010,2104,30
457,363,8066,8166,2104,30
382,345,8194,8366,2104,30
334,341,8390,8502,2104,30
523,358,8546,8654,2104,30
770,378,9022,9158,2104,30
630,394,9198,9338,2104,30
789,397,9378,9501,2104,30
967,389,9857,10121,2104,30
966,386,10145,10601,2104,30
995,378,10649,10801,2104,30
1102,388,10845,11029,2104,30
1228,338,11205,11337,2104,30
1136,364,11441,11541,2104,30
1214,367,11565,11705,2104,30
1320,377,11733,11869,2104,30
1277,387,11897,12029,2104,30
1369,391,12057,12249,2104,30
1496,370,12285,12473,2104,30
1691,349,12505,12729,2104,30
1719,344,12749,12909,2104,30
1781,365,12933,13009,2104,30
324,378,13356,13448,2104,30
240,386,13472,13652,2104,30
336,396,13744,13840,2104,30
493,414,13876,14424,2104,30
379,394,14448,14692,2104,30
593,392,14752,14876,2104,30
680,415,14912,15088,2104,30
730,411,15112,15264,2104,30
815,394,15288,15452,2104,30
949,383,15492,15636,2104,30
1014,410,15724,15884,2104,30
1186,397,15916,15996,2104,30
955,416,16264,16400,2104,30
1059,406,16440,16616,2104,30
1131,388,16708,16768,2104,30
1238,384,16812,16976,2104,30
1356,395,17056,17180,2104,30
1317,394,17196,17363,2104,30
1478,390,17395,17547,2104,30
1558,386,17571,17696,2104,30
1527,367,17723,17799,2104,30
1604,358,17840,18019,2104,30
1664,371,18044,18219,2104,30
1734,370,18247,18299,2104,30
1751,363,18327,18387,2104,30
1797,349,18411,18483,2104,30
300,468,18587,18691,2104,30
222,461,18759,18823,2104,30
382,469,19043,19115,2104,30
335,448,19139,19283,2104,30
397,429,19303,19551,2104,30
536,429,19579,19687,2104,30
643,448,19799,19951,2104,30
695,438,20107,20271,2104,30
887,415,20335,20423,2104,30
1057,462,20766,20838,2104,30
1063,460,20874,20958,2104,30
1234,441,20986,21171,2104,30
1200,441,21190,21342,2104,30
1254,444,21370,21450,2104,30
1128,440,21554,21710,2104,30
1214,440,21798,21978,2104,30
1572,470,22326,22442,2104,30
1455,465,22618,22702,2104,30
1445,476,22730,22882,2104,30
1405,494,22906,23158,2104,30
1529,439,23186,23538,2104,30
1477,472,23570,23702,2104,30
1699,445,23754,23866,2104,30
1750,438,23890,23950,2104,30
383,528,24086,24182,2104,30
274,520,24206,24282,2104,30
224,526,24362,24470,2104,30
375,531,24598,24657,2104,30
530,530,24890,24969,2104,30
637,530,25197,25333,2104,30
919,520,25641,25717,2104,30
894,527,25749,25857,2104,30
1116,524,25893,25969,2104,30
1065,535,26173,26229,2104,30
1219,540,26273,26405,2104,30
1304,534,26433,26633,2104,30
1428,511,26741,26837,2104,30
1579,510,26869,26949,2104,30
1579,513,26977,27133,2104,30
274,593,27325,27409,2104,30
199,585,27485,27629,2104,30
1591,571,27753,27849,2104,30
1678,552,27877,27961,2104,30
470,338,28077,28189,2104,30
304,297,28217,28360,2104,30
311,329,28477,28568,2104,30
542,334,28632,28704,2104,30
347,260,28768,28824,2104,30
250,232,28940,29004,2104,30
542,344,29124,29280,2104,30
597,305,29304,29440,2104,30
808,321,29480,29632,2104,30
961,379,29804,29904,2104,30
1095,351,29932,30120,2104,30
1228,343,30144,30284,2104,30
1360,335,30320,30512,2104,30
1596,313,30544,30604,2104,30
1598,319,30632,30700,2104,30
1379,412,30744,30880,2104,30
882,397,30968,31080,2104,30
698,397,31140,31252,2104,30
919,348,31296,31436,2104,30
1012,360,31460,31640,2104,30
882,490,31752,31844,2104,30
673,443,31876,32048,2104,30
530,425,32084,32196,2104,30
1152,398,32288,32396,2104,30
1316,372,32427,32576,2104,30
1411,394,32607,32707,2104,30
1414,396,32735,32871,2104,30
1504,387,32895,33087,2104,30
1647,389,33167,33375,2104,30
850,389,33447,33587,2104,30
1024,392,33615,33671,2104,30
1183,369,33871,34059,2104,30
1336,360,34087,34243,2104,30
1486,369,34275,34415,2104,30
1737,333,34455,34515,2104,30
792,449,35335,35467,2104,30
900,447,35491,35623,2104,30
970,433,35647,35715,2104,30
1247,345,36526,36582,2104,30
1536,415,37262,37318,2104,30
1678,397,37530,37582,2104,30
1765,367,37650,37706,2104,30
229,475,37974,38026,2104,30
304,481,38070,38146,2104,30
594,448,38630,38690,2104,30
694,436,38750,38814,2104,30
944,424,38850,39014,2104,30
1162,440,39094,39210,2104,30
1270,442,39238,39406,2104,30
1501,426,39438,39530,2104,30
1635,421,39626,39706,2104,30
1482,444,39886,39954,2104,30
1442,447,39981,40125,2104,30
1721,446,40166,40297,2104,30
342,530,40417,40529,2104,30
775,476,40601,40725,2104,30
1481,478,40805,41053,2104,30
1550,471,41085,41217,2104,30
1705,448,41261,41341,2104,30
436,527,41437,41629,2104,30
344,504,41653,41709,2104,30
344,230,41793,42065,2104,30
262,201,1,161,2312,30
334,158,193,329,2312,30
714,146,417,565,2312,30
629,222,621,809,2312,30
860,211,849,1584,2312,30
394,173,1976,2052,2312,30
1252,572,2140,2332,2312,30
1505,568,2372,2552,2312,30
1410,568,2576,2788,2312,30
1178,636,2856,2916,2312,30
1423,804,3184,3260,2312,30
580,356,4156,4296,2312,30
712,319,4732,4836,2312,30
543,273,4868,5056,2312,30
555,301,5072,5216,2312,30
534,329,5667,5975,2312,30
723,307,6007,6399,2312,30
802,320,6427,6651,2312,30
956,331,6683,7151,2312,30
1030,331,7175,7359,2312,30
1114,335,7387,7715,2312,30
1302,360,7759,8043,2312,30
1457,361,8075,8279,2312,30
1303,342,8307,8547,2312,30
1474,343,8583,8850,2312,30
1546,325,8882,9150,2312,30
671,317,9246,9374,2312,30
354,274,9450,9530,2312,30
377,266,9550,9966,2312,30
538,244,10538,11326,2312,30
741,270,11362,11554,2312,30
575,250,11586,12018,2312,30
772,279,12058,12322,2312,30
972,300,12366,12542,2312,30
616,191,12606,12738,2312,30
306,172,12794,13042,2312,30
273,265,13077,13233,2312,30
632,259,13281,13461,2312,30
534,251,13489,13697,2312,30
750,280,13729,13953,2312,30
605,273,13985,14141,2312,30
979,331,14193,14697,2312,30
1097,332,14729,14925,2312,30
1149,336,14949,15321,2312,30
1469,322,15617,15761,2312,30
1518,363,15905,16045,2312,30
494,317,16176,16309,2312,30
313,291,16345,16521,2312,30
422,317,16572,16741,2312,30
321,335,16848,16992,2312,30
293,346,17012,17136,2312,30
292,350,17164,17244,2312,30
315,350,17348,17504,2312,30
567,332,17584,17752,2312,30
698,329,17780,17952,2312,30
665,368,17976,18544,2312,30
632,382,18696,18840,2312,30
730,372,18876,19036,2312,30
872,356,19072,19268,2312,30
826,355,19292,19440,2312,30
929,388,19480,20020,2312,30
989,400,20044,20284,2312,30
1095,395,20315,20587,2312,30
1188,398,20615,20879,2312,30
1365,399,20915,21131,2312,30
1270,392,21159,21307,2312,30
1425,401,21335,21587,2312,30
1564,392,21619,21875,2312,30
1668,387,21947,22151,2312,30
586,366,22271,22359,2312,30
309,385,22403,22527,2312,30
320,390,22595,22663,2312,30
498,367,22803,23007,2312,30
666,380,23059,23235,2312,30
554,394,23267,23499,2312,30
672,412,23531,23787,2312,30
782,423,23811,24018,2312,30
944,434,24054,24262,2312,30
877,429,24286,24514,2312,30
1032,459,24546,24734,2312,30
1120,443,24754,25074,2312,30
1211,441,25102,25282,2312,30
1282,464,25310,25450,2312,30
1036,448,25494,25710,2312,30
985,446,25734,25954,2312,30
967,443,25978,26922,2312,30
1179,450,26950,27530,2312,30
1214,444,27554,27730,2312,30
1332,441,27762,27930,2312,30
1450,433,27966,28261,2312,30
1613,452,28309,28517,2312,30
1665,467,28537,28629,2312,30
492,435,28777,28925,2312,30
292,420,29065,29157,2312,30
425,411,29353,29737,2312,30
313,411,29769,29957,2312,30
555,417,29997,30213,2312,30
681,428,30241,30413,2312,30
898,466,30449,30725,2312,30
1064,465,30761,31129,2312,30
1223,489,31165,31332,2312,30
1372,480,31369,31700,2312,30
1303,496,31725,32000,2312,30
1387,487,32029,32320,2312,30
1331,476,32344,32768,2312,30
1378,487,32796,33292,2312,30
1445,492,33316,33684,2312,30
1403,497,33704,33956,2312,30
1415,491,33972,34104,2312,30
1528,494,34140,34400,2312,30
1610,494,34424,34696,2312,30
381,506,34864,35012,2312,30
296,486,35040,35340,2312,30
460,488,35380,35604,2312,30
723,505,35647,35823,2312,30
809,454,35863,36048,2312,30
936,468,36075,36279,2312,30
1349,492,36647,36835,2312,30
1507,485,36875,37175,2312,30
1637,455,37215,37335,2312,30
404,505,37615,37839,2312,30
505,496,37871,38079,2312,30
670,484,38131,38339,2312,30
557,483,38363,38799,2312,30
704,493,38835,39079,2312,30
1018,529,39362,39806,2312,30
1339,535,40118,40338,2312,30
1506,528,40378,40618,2312,30
374,543,40806,40902,2312,30
273,530,40934,41274,2312,30
406,490,41322,41694,2312,30
550,461,41738,41922,2312,30
627,410,41946,42134,2312,30
375,483,42186,42306,2312,30
273,501,42334,42486,2312,30
1232,535,42570,42706,2312,30
1480,503,42750,43030,2312,30
1307,392,43066,43254,2312,30
1330,331,43278,43481,2312,30
1550,361,43521,43669,2312,30
1642,356,43693,43853,2312,30
340,393,43953,44117,2312,30
243,379,44141,44201,2312,30
391,431,44325,44509,2312,30
636,470,44613,44805,2312,30
735,461,45077,45297,2312,30
920,480,45665,45729,2312,30
1519,500,46385,46565,2312,30
1577,518,46593,46760,2312,30
460,518,46872,46996,2312,30
281,496,47048,47208,2312,30
350,463,47316,47544,2312,30
287,501,47580,47760,2312,30
701,495,48064,48312,2312,30
922,533,48352,48548,2312,30
1057,538,48580,48776,2312,30
983,535,48804,48972,2312,30
1262,551,49016,49240,2312,30
1355,553,49264,49420,2312,30
1501,549,49448,49564,2312,30
439,555,49692,49804,2312,30
311,557,49832,50396,2312,30
444,348,2,58,204,30
323,312,94,146,204,30
638,328,302,406,204,30
670,313,450,546,204,30
832,294,654,770,204,30
670,271,818,962,204,30
834,282,1158,1226,204,30
829,269,1298,1354,204,30
678,275,1410,1466,204,30
683,258,1482,1586,204,30
666,270,1618,1686,204,30
805,247,1726,2006,204,30
665,268,2058,2114,204,30
665,251,2130,2218,204,30
807,252,2378,2562,204,30
1021,234,2766,2858,204,30
1024,219,2898,2958,204,30
1194,218,3318,3398,204,30
1147,212,3422,3538,204,30
246,296,3805,3917,204,30
460,301,4057,4161,204,30
665,275,4377,4445,204,30
362,360,5013,5109,204,30
270,346,5141,5209,204,30
979,323,7312,7376,204,30
941,327,7392,7476,204,30
1139,335,7576,7732,204,30
917,297,7780,7928,204,30
968,276,7948,8104,204,30
1160,320,8336,8508,204,30
1372,293,9104,9164,204,30
1433,293,9680,9828,204,30
206,331,10096,10256,204,30
197,327,10432,10532,204,30
852,369,13175,13251,204,30
886,314,14507,14603,204,30
780,329,14718,14798,204,30
610,330,14878,15022,204,30
662,320,15058,15138,204,30
640,335,15170,15258,204,30
804,332,15298,15434,204,30
929,378,15750,15814,204,30
1133,354,15978,16126,204,30
925,320,16254,16410,204,30
927,306,16638,16922,204,30
991,311,16942,17094,204,30
1112,315,17122,17230,204,30
927,309,17294,17454,204,30
1140,315,17510,17686,204,30
1221,369,17858,17946,204,30
1222,339,17974,18058,204,30
1540,343,18370,18474,204,30
1268,487,19829,19917,204,30
1217,446,19945,20205,204,30
1340,442,20229,20517,204,30
1240,392,20573,20701,204,30
1403,368,20741,20893,204,30
1484,397,21033,21173,204,30
1514,402,21197,21249,204,30
1654,365,21389,21521,204,30
1388,391,21561,21653,204,30
1315,389,21773,21825,204,30
1536,391,22021,22080,204,30
1538,375,22112,22237,204,30
1669,373,22300,22472,204,30
1630,357,22496,22640,204,30
246,423,22888,23000,204,30
232,432,23128,23240,204,30
343,436,23316,23476,204,30
474,446,23500,23660,204,30
478,478,23788,23956,204,30
716,472,24012,24176,204,30
662,436,24200,24252,204,30
662,448,24296,24376,204,30
798,439,24404,24508,204,30
784,434,24536,24620,204,30
945,424,24656,24860,204,30
700,440,24900,25092,204,30
710,453,25120,25236,204,30
854,458,25384,25436,204,30
955,446,25532,25632,204,30
986,461,25852,25948,204,30
954,476,26235,26288,204,30
966,452,26647,26711,204,30
961,436,26739,27039,204,30
949,438,27067,27123,204,30
952,431,27151,27219,204,30
921,440,27319,27379,204,30
932,432,27407,27463,204,30
939,446,27863,27935,204,30
948,452,27963,28067,204,30
930,440,28135,28227,204,30
968,453,28379,28443,204,30
993,458,28691,28759,204,30
950,453,28919,29031,204,30
943,422,29067,29143,204,30
959,449,29618,29735,204,30
1027,453,30082,30166,204,30
1168,440,30506,30606,204,30
1150,432,30634,30730,204,30
1166,454,30918,31194,204,30
1336,440,31322,31682,204,30
1366,443,31726,31894,204,30
1504,416,31966,32174,204,30
1460,433,32290,32350,204,30
1612,410,32382,32490,204,30
1691,406,32566,32742,204,30
232,491,32986,33070,204,30
428,473,33338,33406,204,30
437,477,33706,33813,204,30
640,484,34321,34485,204,30
826,506,34733,34821,204,30
389,471,37584,37688,204,30
633,478,37780,38024,204,30
1306,536,40504,40632,204,30
1412,519,40676,40864,204,30
1585,523,40904,41076,204,30
1287,544,41116,41239,204,30
229,612,41387,41447,204,30
1494,542,41643,41851,204,30
1611,527,41880,42007,204,30
1357,538,42043,42191,204,30
1495,521,42303,42383,204,30
1712,501,42427,42531,204,30
251,577,42767,42827,204,30
218,155,2,70,1111,30
387,190,106,222,1111,30
694,190,266,398,1111,30
841,184,438,590,1111,30
697,186,642,790,1111,30
661,185,810,1166,1111,30
729,165,1190,1330,1111,30
811,192,1358,1510,1111,30
853,191,1530,1598,1111,30
1051,192,1654,1986,1111,30
969,191,2014,2206,1111,30
1209,198,2246,2450,1111,30
978,188,2498,2785,1111,30
1192,176,2830,3006,1111,30
510,195,3077,3209,1111,30
277,195,3261,3417,1111,30
332,180,3441,3541,1111,30
301,236,3569,3757,1111,30
485,228,3809,3985,1111,30
567,249,4009,4109,1111,30
250,175,4165,4349,1111,30
311,208,4377,4553,1111,30
525,246,4605,4765,1111,30
316,230,4805,4945,1111,30
462,222,4977,5137,1111,30
538,246,5161,5289,1111,30
755,267,5337,5629,1111,30
545,270,5673,5853,1111,30
597,283,5873,6153,1111,30
497,270,6181,6345,1111,30
776,294,6389,6744,1111,30
1076,304,6792,7012,1111,30
996,307,7048,7232,1111,30
1163,291,7284,7452,1111,30
1328,301,7492,7632,1111,30
968,287,7684,7968,1111,30
1073,298,8004,8140,1111,30
1175,288,8176,8324,1111,30
1472,277,8376,8532,1111,30
1591,273,8564,8696,1111,30
371,302,8876,8972,1111,30
473,305,8996,9140,1111,30
263,296,9192,9268,1111,30
709,316,9316,9480,1111,30
666,318,9504,9620,1111,30
872,336,9660,9820,1111,30
451,363,9872,10072,1111,30
295,343,10100,10244,1111,30
793,344,10379,10524,1111,30
914,330,10568,10755,1111,30
1146,339,10803,11103,1111,30
918,334,11147,11351,1111,30
801,361,11471,11631,1111,30
1420,336,11807,11999,1111,30
652,315,12071,12279,1111,30
706,333,12299,12491,1111,30
852,356,12531,12815,1111,30
928,354,12843,13199,1111,30
972,359,13219,13439,1111,30
886,374,13491,13619,1111,30
805,385,13659,13835,1111,30
877,378,13863,14014,1111,30
1064,369,14062,14346,1111,30
1147,381,14370,14598,1111,30
1251,371,14634,14782,1111,30
1195,364,14802,14990,1111,30
1365,358,15026,15214,1111,30
1300,359,15238,15478,1111,30
1248,363,15510,15646,1111,30
1453,352,15694,16042,1111,30
1616,354,16082,16378,1111,30
1702,330,16414,16478,1111,30
361,359,16586,16734,1111,30
442,347,16822,17006,1111,30
612,348,17038,17198,1111,30
724,387,17226,17430,1111,30
794,380,17466,17706,1111,30
904,421,17742,17918,1111,30
958,432,17946,18146,1111,30
1133,376,18190,18549,1111,30
1278,414,18597,18865,1111,30
1556,390,18925,19145,1111,30
1328,377,19197,19433,1111,30
1456,383,19477,19709,1111,30
1388,402,19737,19969,1111,30
1483,383,20001,20181,1111,30
1536,389,20201,20353,1111,30
1404,393,20389,20577,1111,30
1482,394,20605,20761,1111,30
1550,384,20797,20925,1111,30
1666,372,20961,21121,1111,30
1626,380,21181,21329,1111,30
310,380,21504,21593,1111,30
221,399,21624,21792,1111,30
484,381,21836,21896,1111,30
1706,351,22012,22104,1111,30
1701,375,22121,22212,1111,30
415,443,22324,22460,1111,30
562,407,22492,22636,1111,30
688,404,22664,22828,1111,30
987,454,22876,23052,1111,30
1239,455,23088,23232,1111,30
1188,461,23256,23356,1111,30
1406,443,23400,23996,1111,30
1478,422,24060,24252,1111,30
1419,439,24268,24344,1111,30
1431,425,24364,24460,1111,30
1672,393,24544,24680,1111,30
403,500,24796,24924,1111,30
255,498,24960,25108,1111,30
274,469,25128,25180,1111,30
416,453,25216,25448,1111,30
702,479,25492,25663,1111,30
919,504,25699,25891,1111,30
1085,510,25927,26163,1111,30
1313,516,26203,26383,1111,30
1480,505,26435,26579,1111,30
1559,484,26603,26675,1111,30
360,536,26779,26883,1111,30
253,536,26907,26975,1111,30
1480,504,27071,27195,1111,30
1388,518,27247,27427,1111,30
1520,480,27475,27683,1111,30
1686,476,27735,27907,1111,30
655,291,28023,28203,1111,30
609,208,28247,28471,1111,30
656,164,28495,28759,1111,30
674,166,28778,28846,1111,30
240,110,2,150,610,30
328,151,182,374,610,30
559,171,413,577,610,30
540,189,593,773,610,30
712,118,813,993,610,30
857,148,1077,1253,610,30
1025,156,1293,1485,610,30
1196,144,1521,1637,610,30
1135,153,1725,1833,610,30
339,190,1925,2133,610,30
338,177,2161,2237,610,30
515,164,2273,2397,610,30
695,194,2521,2685,610,30
282,238,2789,2873,610,30
409,232,3013,3173,610,30
559,246,3237,3369,610,30
563,251,3397,3537,610,30
557,269,4036,4316,610,30
662,252,4356,4524,610,30
784,243,4552,4836,610,30
1018,262,4876,5064,610,30
975,302,5084,5276,610,30
1130,284,5316,5452,610,30
1297,269,5572,5788,610,30
1159,277,5816,5908,610,30
1375,243,5964,6104,610,30
1124,277,6152,6352,610,30
1092,254,6372,6548,610,30
1238,264,6604,6724,610,30
1326,274,6768,7044,610,30
1520,223,7080,7260,610,30
1486,220,7280,7396,610,30
1607,193,7476,7552,610,30
331,275,7659,7816,610,30
278,288,7839,8219,610,30
481,272,8259,8491,610,30
320,256,8635,8743,610,30
257,276,9003,9123,610,30
258,278,9187,9243,610,30
476,280,9279,9507,610,30
435,296,9527,9739,610,30
526,289,9767,10051,610,30
671,282,10083,10315,610,30
744,293,10339,10655,610,30
899,362,10775,10875,610,30
881,310,11043,11095,610,30
950,341,11206,11410,610,30
1134,335,11447,11630,610,30
1061,333,11678,11806,610,30
1216,312,11834,12542,610,30
1213,321,12570,13146,610,30
1337,327,13174,13394,610,30
1463,324,13450,13662,610,30
1608,296,13714,13970,610,30
1743,273,14006,14106,610,30
329,336,14282,14410,610,30
529,319,14510,14854,610,30
722,313,14990,15046,610,30
733,358,15078,15182,610,30
855,350,15209,15357,610,30
980,371,15397,15705,610,30
1147,388,15741,15909,610,30
1319,385,16177,16321,610,30
1493,357,16357,16517,610,30
1451,355,16537,16757,610,30
1559,349,16789,17033,610,30
1405,357,17069,17233,610,30
1508,354,17265,17473,610,30
1669,334,17509,17769,610,30
246,385,17913,18049,610,30
323,379,18117,18229,610,30
442,386,18341,18836,610,30
383,393,18864,19192,610,30
574,382,19340,19492,610,30
704,401,19532,19828,610,30
902,406,19864,20008,610,30
844,408,20028,20176,610,30
1065,436,20212,20524,610,30
1194,432,20556,20708,610,30
1330,490,20856,20992,610,30
1514,423,21052,21168,610,30
1518,423,21220,21280,610,30
1676,404,21312,21432,610,30
348,492,21548,21668,610,30
272,461,21708,21960,610,30
429,443,21992,22164,610,30
630,446,22204,22368,610,30
805,509,22428,22608,610,30
914,473,22640,22903,610,30
1072,482,22935,23104,610,30
886,474,23147,23271,610,30
937,478,23295,23479,610,30
1216,497,23531,23731,610,30
1359,574,23811,23931,610,30
1495,504,23983,24199,610,30
1590,488,24231,24327,610,30
330,560,24439,24563,610,30
258,527,24587,24955,610,30
702,458,25091,25451,610,30
266,185,25567,25643,610,30
261,178,25675,25815,610,30
471,233,25999,26275,610,30
557,220,26298,26351,610,30
564,245,26474,26610,610,30
562,244,26638,26730,610,30
509,226,26750,26930,610,30
742,244,27010,27310,610,30
715,252,27326,27618,610,30
943,256,27662,28526,610,30
1087,268,28570,28802,610,30
1256,248,28838,29114,610,30
1456,250,29162,29394,610,30
1346,261,29426,29574,610,30
1528,240,29610,29754,610,30
314,298,29874,30062,610,30
268,280,30086,30138,610,30
504,256,30202,30409,610,30
463,259,30430,30609,610,30
295,272,30650,30809,610,30
421,281,30841,30989,610,30
251,262,31030,31585,610,30
417,278,31713,31889,610,30
477,268,31909,32189,610,30
643,279,32217,32413,610,30
776,272,32541,32717,610,30
888,289,32745,32897,610,30
837,310,32921,33193,610,30
948,317,33221,33457,610,30
1135,313,33493,33828,610,30
1243,305,33856,34004,610,30
1442,296,34044,34408,610,30
1626,288,34448,34584,610,30
1354,308,34624,34864,610,30
1667,272,34916,35068,610,30
276,317,35196,35420,610,30
499,316,35456,35848,610,30
1519,273,35948,36088,610,30
1638,287,36116,36360,610,30
306,313,36488,36736,610,30
691,312,36796,37000,610,30
830,335,37028,37224,610,30
956,352,37256,37408,610,30
914,366,37432,37576,610,30
742,327,37624,37804,610,30
686,327,37824,37995,610,30
835,328,38027,38159,610,30
816,316,38547,38719,610,30
916,338,38747,39075,610,30
983,356,39099,39775,610,30
1143,372,39807,40071,610,30
1314,371,40115,40255,610,30
1261,376,40279,40435,610,30
1445,355,40487,40711,610,30
1551,361,40743,40959,610,30
1689,339,40991,41103,610,30
336,396,41230,41382,610,30
262,385,41402,41618,610,30
404,390,41646,41802,610,30
667,407,41847,42002,610,30
604,423,42026,42182,610,30
887,421,42226,42386,610,30
845,423,42410,42842,610,30
1054,444,42886,43078,610,30
1025,452,43094,43258,610,30
1310,465,43306,43450,610,30
1440,461,43486,43878,610,30
1367,445,43902,44258,610,30
1406,427,44286,44798,610,30
913,369,15384,15476,408,30
916,388,15520,15628,408,30
530,379,15692,15832,408,30
354,386,15928,15988,408,30
398,424,16036,16156,408,30
807,382,16296,16436,408,30
985,388,16520,16636,408,30
1090,371,16696,16824,408,30
924,385,16932,17036,408,30
1256,378,17100,17336,408,30
1216,363,17380,17508,408,30
1452,368,17584,17836,408,30
1405,358,17884,18028,408,30
1544,362,18084,18148,408,30
1538,345,18192,18248,408,30
603,444,19184,19396,408,30
852,432,19579,19743,408,30
1017,447,19787,19975,408,30
1149,455,20015,20175,408,30
1349,456,20239,20491,408,30
1459,448,20531,20727,408,30
1389,438,20767,20843,408,30
1392,440,20871,20959,408,30
1339,441,21059,21351,408,30
1394,443,21395,21531,408,30
1426,438,21611,22007,408,30
1424,432,22035,22155,408,30
1503,427,22199,22271,408,30
1581,412,22379,22515,408,30
1622,446,22575,22795,408,30
1616,448,22895,22950,408,30
321,488,23126,23222,408,30
261,497,23254,23354,408,30
392,502,23442,23606,408,30
374,510,23646,23758,408,30
613,490,23846,24086,408,30
864,500,24146,24354,408,30
989,500,24418,24542,408,30
915,499,24586,24806,408,30
856,499,24846,24986,408,30
810,502,25010,25182,408,30
1161,496,25598,25654,408,30
1340,504,25710,25854,408,30
1501,518,25910,26126,408,30
275,568,26350,26410,408,30
277,572,26442,26526,408,30
978,491,26598,26726,408,30
1300,510,26781,26953,408,30
1212,520,27149,27229,408,30
1474,512,27297,27573,408,30
1514,498,27605,28013,408,30
1137,516,28189,28377,408,30
1104,405,28509,28629,408,30
693,256,28697,28917,408,30
515,184,28993,29085,408,30
456,282,29161,29285,408,30
321,197,29545,29689,408,30
520,194,29733,29893,408,30
478,201,29925,30073,408,30
299,203,30129,30333,408,30
473,209,30389,30585,408,30
728,456,30672,30800,408,30
871,428,30852,31092,408,30
1151,442,31140,31460,408,30
1165,295,31508,31636,408,30
592,262,31740,31840,408,30
336,247,31888,32080,408,30
529,258,32176,32436,408,30
678,251,32500,32556,408,30
296,272,32628,32884,408,30
920,318,32984,33128,408,30
843,315,33164,33308,408,30
463,325,33372,33524,408,30
242,335,33584,33700,408,30
612,328,33760,33956,408,30
801,312,34000,34160,408,30
630,323,34208,34376,408,30
1117,324,34448,34603,408,30
1361,320,34679,34855,408,30
1509,297,34923,35043,408,30
349,378,35159,35347,408,30
484,388,35408,35611,408,30
289,369,35735,35863,408,30
908,363,36067,36259,408,30
735,392,36323,36431,408,30
659,388,36459,36719,408,30
795,381,36771,36903,408,30
976,390,37019,37095,408,30
1134,388,37139,37327,408,30
1344,375,37431,37547,408,30
1529,386,37599,37766,408,30
1600,372,37831,37894,408,30
351,453,38014,38166,408,30
453,447,38218,38290,408,30
675,444,38354,38550,408,30
876,437,38598,38694,408,30
1231,472,38758,38886,408,30
1156,456,38922,39034,408,30
1099,450,39062,39186,408,30
1363,447,39242,39622,408,30
1411,435,39650,40002,408,30
1456,438,40030,40150,408,30
1332,433,40194,40362,408,30
688,201,40446,40742,408,30
752,417,41570,41714,408,30
643,152,41765,42113,408,30
272,262,223,387,1808,30
349,284,435,667,1808,30
512,281,799,927,1808,30
501,296,979,1051,1808,30
675,264,1095,1299,1808,30
684,265,1347,1679,1808,30
630,257,1699,2351,1808,30
862,217,2479,2595,1808,30
721,235,2647,2790,1808,30
660,267,2826,3042,1808,30
676,254,3134,3258,1808,30
744,222,3378,3930,1808,30
825,205,3962,4450,1808,30
990,178,4490,4670,1808,30
984,174,4706,4858,1808,30
1211,157,4902,5194,1808,30
1128,203,5226,5486,1808,30
1070,231,5518,5610,1808,30
402,281,5678,5822,1808,30
299,266,5850,6270,1808,30
373,222,6314,6558,1808,30
537,200,6673,6737,1808,30
558,238,6765,6857,1808,30
514,236,7033,7117,1808,30
514,256,7145,7197,1808,30
710,253,7285,7353,1808,30
695,278,7373,7493,1808,30
622,242,7517,8025,1808,30
694,241,8049,8205,1808,30
248,308,8261,8573,1808,30
291,284,8601,8957,1808,30
277,276,8993,9061,1808,30
235,305,9101,9257,1808,30
523,315,9301,9717,1808,30
470,281,9757,9893,1808,30
673,291,9981,10192,1808,30
729,285,10216,10520,1808,30
307,326,10624,10788,1808,30
458,263,10832,10968,1808,30
377,309,10996,11064,1808,30
528,314,11104,11396,1808,30
244,233,11436,11688,1808,30
550,316,11760,11944,1808,30
495,319,11992,12096,1808,30
630,283,12176,12400,1808,30
762,296,12432,12560,1808,30
711,291,12584,12776,1808,30
932,268,12820,13056,1808,30
1005,290,13080,13224,1808,30
941,282,13248,13472,1808,30
1097,286,13512,13584,1808,30
1095,310,13604,13676,1808,30
1054,302,13696,13944,1808,30
1187,313,13988,14151,1808,30
1347,311,14184,14367,1808,30
1290,304,14391,14451,1808,30
1287,307,14479,14795,1808,30
1336,308,14819,14943,1808,30
1520,305,15019,15183,1808,30
1455,308,15207,15431,1808,30
298,328,15539,15687,1808,30
232,329,15715,15947,1808,30
268,313,15991,16635,1808,30
456,306,16671,16939,1808,30
438,318,16971,17135,1808,30
609,297,17183,17666,1808,30
743,328,17714,17838,1808,30
806,334,17862,17962,1808,30
813,351,17990,18070,1808,30
904,345,18102,18538,1808,30
1084,339,18578,18774,1808,30
955,346,18806,18942,1808,30
949,352,18986,19106,1808,30
1096,344,19138,19362,1808,30
1218,364,19390,19550,1808,30
1230,347,19718,19966,1808,30
1225,374,19990,20234,1808,30
1280,376,20258,20498,1808,30
1398,384,20526,20822,1808,30
1486,372,20854,20918,1808,30
1636,336,20974,21198,1808,30
234,355,21322,21634,1808,30
316,351,21666,21761,1808,30
475,387,21857,22173,1808,30
688,351,22325,22425,1808,30
629,366,22449,22897,1808,30
717,379,23085,23201,1808,30
799,374,23229,23405,1808,30
868,372,23429,23661,1808,30
926,363,23689,23961,1808,30
950,372,23985,24493,1808,30
1068,377,24529,24641,1808,30
1082,378,24669,24945,1808,30
1123,390,24989,25180,1808,30
1294,388,25244,25464,1808,30
1250,388,25492,25668,1808,30
1448,380,25712,25936,1808,30
1527,387,25992,26160,1808,30
1648,383,26200,26432,1808,30
233,420,26572,26960,1808,30
357,401,26992,27188,1808,30
316,404,27212,27444,1808,30
372,407,27476,27788,1808,30
607,397,27836,27940,1808,30
602,400,28000,28060,1808,30
547,416,28084,28248,1808,30
687,410,28280,28416,1808,30
868,413,28456,28776,1808,30
794,424,28800,28888,1808,30
1011,422,28996,29072,1808,30
1177,427,29283,29459,1808,30
1119,424,29483,29699,1808,30
1416,436,29747,29960,1808,30
1371,437,29983,30227,1808,30
1417,427,30251,30947,1808,30
1407,443,30975,31491,1808,30
1459,424,31515,31775,1808,30
1497,431,31827,31955,1808,30
1590,440,32099,32359,1808,30
1669,435,32387,32515,1808,30
287,489,32643,32786,1808,30
240,508,32810,32938,1808,30
400,496,33042,33430,1808,30
364,497,33450,33570,1808,30
616,463,33622,33854,1808,30
704,458,33890,33942,1808,30
851,482,34070,34242,1808,30
894,484,34270,34910,1808,30
1029,477,34982,35306,1808,30
1333,474,35370,35530,1808,30
1221,509,35590,35922,1808,30
1292,510,35974,36118,1808,30
1384,506,36146,36306,1808,30
1491,511,36346,36558,1808,30
1436,523,36594,36785,1808,30
1604,527,36821,36913,1808,30
266,528,37049,37197,1808,30
187,537,37221,37793,1808,30
273,259,37969,38109,1808,30
872,248,38185,38429,1808,30
956,230,38465,38585,1808,30
380,178,1,160,1905,30
585,168,200,344,1905,30
644,156,364,480,1905,30
762,155,568,752,1905,30
1033,152,800,948,1905,30
962,163,976,1056,1905,30
1165,132,1120,1320,1905,30
1116,225,1380,1508,1905,30
324,241,1596,1716,1905,30
346,264,1736,1796,1905,30
256,257,1832,2024,1905,30
510,264,2068,2276,1905,30
646,229,2315,2404,1905,30
273,313,2467,2759,1905,30
243,313,2783,2839,1905,30
251,304,2855,2947,1905,30
444,251,2987,3039,1905,30
477,246,3059,3419,1905,30
694,228,3455,3615,1905,30
872,276,3755,3859,1905,30
960,283,3963,4143,1905,30
1102,324,4199,4351,1905,30
1265,269,4395,4691,1905,30
1454,265,4743,4943,1905,30
1514,232,4975,5155,1905,30
186,310,5363,5419,1905,30
294,339,5455,5607,1905,30
230,341,5631,5714,1905,30
419,305,5898,5958,1905,30
393,327,5982,6070,1905,30
615,324,6114,6578,1905,30
788,345,6622,6786,1905,30
906,359,6818,7046,1905,30
1084,347,7090,7310,1905,30
1216,322,7354,7562,1905,30
1379,314,7622,7826,1905,30
1421,351,7854,7926,1905,30
1593,332,7978,8058,1905,30
1594,296,8094,8182,1905,30
1634,343,8250,8318,1905,30
346,420,8426,8550,1905,30
221,413,8586,8742,1905,30
461,377,8790,9038,1905,30
643,384,9078,9162,1905,30
824,392,9334,9494,1905,30
914,407,9526,9726,1905,30
1080,395,9769,10005,1905,30
1293,412,10054,10293,1905,30
1530,387,10369,10481,1905,30
1629,391,10533,10641,1905,30
359,417,10761,10873,1905,30
249,464,10913,11105,1905,30
352,426,11133,11333,1905,30
571,442,11381,11537,1905,30
652,433,11565,11741,1905,30
842,456,11781,11909,1905,30
1007,432,12069,12253,1905,30
1104,447,12293,12513,1905,30
1326,457,12553,12869,1905,30
1416,455,12913,12989,1905,30
1317,431,13176,13321,1905,30
1315,463,13352,13420,1905,30
1343,454,13445,13676,1905,30
1387,450,13700,13880,1905,30
1621,451,13924,14480,1905,30
266,500,14620,14740,1905,30
243,528,14768,14916,1905,30
394,501,14948,15164,1905,30
707,502,15260,15472,1905,30
911,544,15512,15832,1905,30
1016,534,15868,15960,1905,30
906,527,15992,16068,1905,30
1212,533,16128,16316,1905,30
1358,528,16356,16508,1905,30
1551,500,16552,16704,1905,30
264,606,16804,17056,1905,30
1483,528,17152,17439,1905,30
1355,518,17475,17663,1905,30
1439,516,17691,18119,1905,30
669,186,18271,19063,1905,30
668,303,19443,19627,1905,30
463,184,161,289,1504,30
640,138,321,665,1504,30
775,142,693,1013,1504,30
979,141,1041,1237,1504,30
1031,135,1369,1640,1504,30
1182,158,1669,1889,1504,30
1227,163,1909,2132,1504,30
1144,155,2156,2332,1504,30
299,176,2400,2540,1504,30
231,179,2576,2648,1504,30
255,182,2836,2952,1504,30
365,193,2980,3172,1504,30
469,196,3196,3764,1504,30
580,213,3792,3940,1504,30
682,223,3964,4104,1504,30
230,250,4172,4528,1504,30
318,245,4552,4792,1504,30
521,262,4824,5108,1504,30
459,256,5132,5304,1504,30
535,254,5328,5580,1504,30
506,253,5600,6167,1504,30
489,237,6347,6559,1504,30
559,255,6583,6927,1504,30
730,258,6955,7103,1504,30
696,259,7119,7679,1504,30
703,274,7727,7835,1504,30
710,266,7863,9294,1504,30
675,273,9319,9626,1504,30
721,281,9646,9842,1504,30
522,248,9918,10082,1504,30
215,236,10118,10322,1504,30
308,252,10350,10422,1504,30
527,237,10658,10766,1504,30
483,242,10894,11118,1504,30
531,253,11142,11246,1504,30
459,236,11370,11598,1504,30
520,248,11622,12202,1504,30
588,267,12226,12394,1504,30
698,277,12418,12658,1504,30
841,280,12686,12814,1504,30
729,272,12842,13502,1504,30
807,281,13522,13694,1504,30
920,277,13717,13933,1504,30
1038,273,13969,14157,1504,30
1119,276,14181,14353,1504,30
1185,276,14381,14545,1504,30
1298,272,14573,14865,1504,30
1501,271,14897,15141,1504,30
1591,270,15169,15317,1504,30
256,283,15409,15593,1504,30
206,286,15613,15953,1504,30
252,289,15977,16249,1504,30
403,292,16277,16525,1504,30
501,301,16552,16724,1504,30
600,310,16748,16992,1504,30
679,315,17016,17284,1504,30
808,322,17324,17548,1504,30
903,316,17572,17792,1504,30
1052,331,17820,18060,1504,30
1130,332,18084,18280,1504,30
1198,334,18300,18600,1504,30
1363,335,18628,18756,1504,30
1304,334,18780,19000,1504,30
1444,338,19028,19324,1504,30
1570,352,19352,19548,1504,30
1650,357,19572,19680,1504,30
259,329,19768,19940,1504,30
221,356,19960,20116,1504,30
338,354,20144,20300,1504,30
430,356,20324,20532,1504,30
635,367,20564,20788,1504,30
742,371,20812,21087,1504,30
829,380,21123,21283,1504,30
945,379,21307,21555,1504,30
1167,382,21583,21995,1504,30
1254,385,22019,22351,1504,30
1344,391,22387,22535,1504,30
1460,394,22563,22775,1504,30
1538,398,22799,23011,1504,30
1651,408,23035,23231,1504,30
299,398,23327,23479,1504,30
223,416,23515,23691,1504,30
385,413,23719,24038,1504,30
582,420,24079,24430,1504,30
657,424,24454,24762,1504,30
853,424,24807,25042,1504,30
941,432,25066,25222,1504,30
1051,436,25254,25442,1504,30
1172,440,25470,25766,1504,30
1256,440,25794,26014,1504,30
1357,440,26042,26306,1504,30
1436,443,26334,26554,1504,30
1362,434,26578,26854,1504,30
1425,444,26878,27230,1504,30
1489,440,27254,27646,1504,30
1668,452,27678,27838,1504,30
233,462,27934,28229,1504,30
340,470,28257,28485,1504,30
432,477,28521,28749,1504,30
683,477,28797,29213,1504,30
809,482,29249,29441,1504,30
893,493,29469,29705,1504,30
967,498,29729,30013,1504,30
917,495,30045,30221,1504,30
1071,498,30249,30505,1504,30
1223,494,30533,30805,1504,30
1319,491,30829,31041,1504,30
1394,492,31065,31269,1504,30
1508,492,31297,31524,1504,30
1634,499,31552,31673,1504,30
207,551,31756,32848,1504,30
464,206,2,286,402,30
713,138,333,569,402,30
818,141,597,786,402,30
1026,134,837,897,402,30
1182,123,941,1145,402,30
278,274,1245,1409,402,30
372,280,1473,1589,402,30
478,202,1649,1813,402,30
601,194,1853,1913,402,30
314,272,2093,2193,402,30
234,262,2289,2373,402,30
327,267,2409,2497,402,30
489,257,2601,2793,402,30
579,256,2825,3033,402,30
536,251,3057,3109,402,30
767,265,3145,3329,402,30
719,269,3361,3628,402,30
936,277,3677,4068,402,30
1063,270,4104,4280,402,30
905,273,4324,4544,402,30
1005,277,4576,4744,402,30
1125,274,4780,4972,402,30
1234,267,5016,5184,402,30
1318,254,5216,5472,402,30
1441,257,5528,5756,402,30
1450,334,5832,5924,402,30
366,324,6020,6140,402,30
250,316,6176,6236,402,30
274,342,6348,6440,402,30
294,398,6472,6536,402,30
244,320,6680,6828,402,30
448,312,6880,7008,402,30
389,317,7040,7200,402,30
509,260,7240,7476,402,30
670,332,7519,7824,402,30
800,337,7867,8032,402,30
910,330,8063,8159,402,30
1046,356,8311,8491,402,30
1163,347,8523,8679,402,30
1257,335,8715,8867,402,30
1360,316,8915,9051,402,30
1441,325,9087,9235,402,30
1605,325,9287,9547,402,30
268,381,9679,9935,402,30
465,369,9987,10111,402,30
471,370,10247,10427,402,30
665,390,10471,10711,402,30
775,378,10743,10935,402,30
924,384,10975,11250,402,30
1121,376,11294,11550,402,30
983,384,11602,11722,402,30
1150,381,11759,11930,402,30
1113,385,11958,12394,402,30
1268,382,12426,12650,402,30
1451,371,12694,12910,402,30
1527,371,12938,13086,402,30
1630,343,13134,13306,402,30
359,416,13534,13670,402,30
232,425,13698,13854,402,30
361,433,13890,14062,402,30
435,425,14106,14234,402,30
587,433,14266,14374,402,30
614,442,14530,14770,402,30
703,446,14802,14938,402,30
842,444,14970,15117,402,30
809,447,15142,15309,402,30
946,445,15341,15489,402,30
1046,449,15521,15733,402,30
1136,442,15765,16061,402,30
1205,447,16089,16329,402,30
1388,430,16361,16549,402,30
1342,429,16585,17089,402,30
1377,436,17125,17409,402,30
1425,433,17441,17645,402,30
1423,430,17681,17885,402,30
1330,433,17913,18141,402,30
1005,384,18205,18377,402,30
1501,414,18441,18581,402,30
1620,435,18629,18752,402,30
300,482,18852,18976,402,30
255,482,19004,19156,402,30
410,490,19200,19408,402,30
634,489,19464,19516,402,30
702,507,19708,19800,402,30
866,504,19860,20092,402,30
1014,521,20212,20336,402,30
954,519,20372,20456,402,30
1176,509,20508,20692,402,30
1331,503,20756,20896,402,30
1447,494,20928,21036,402,30
1539,492,21076,21260,402,30
230,561,21352,21588,402,30
518,320,21656,21852,402,30
650,322,21884,22044,402,30
911,340,22116,22300,402,30
1063,337,22332,22464,402,30
1194,343,22500,22651,402,30
1331,328,22687,22831,402,30
1461,330,22875,23031,402,30
1588,354,23103,23255,402,30
279,376,23347,23595,402,30
488,381,23635,23943,402,30
657,386,23983,24191,402,30
801,388,24251,24327,402,30
942,386,24479,24563,402,30
1097,411,24731,24939,402,30
1249,398,24971,25171,402,30
1343,384,25199,25343,402,30
1489,366,25379,25547,402,30
1634,365,25595,25803,402,30
291,405,25895,26066,402,30
442,434,26098,26322,402,30
615,444,26386,26510,402,30
922,464,26854,26990,402,30
1082,455,27026,27242,402,30
1188,453,27274,27414,402,30
1389,419,27450,27786,402,30
1350,429,27810,28006,402,30
1441,433,28046,28306,402,30
1639,432,28354,28478,402,30
384,500,28558,28714,402,30
687,508,28790,28942,402,30
1342,541,29010,29166,402,30
1503,513,29258,29326,402,30
1511,518,29370,29434,402,30
212,553,29522,29882,402,30
531,226,3,162,606,30
650,169,210,518,606,30
696,178,542,658,606,30
781,169,702,822,606,30
900,168,970,1130,606,30
836,177,1162,1294,606,30
959,178,1342,1494,606,30
1034,174,1534,1614,606,30
1176,165,1646,1706,606,30
1169,164,1734,1806,606,30
1112,167,1838,1946,606,30
1062,153,1978,2122,606,30
1110,164,2150,2298,606,30
335,224,2546,2682,606,30
274,221,2714,2902,606,30
222,213,2950,3090,606,30
441,215,3266,3446,606,30
489,227,3470,3566,606,30
625,228,3605,3809,606,30
217,281,3989,4118,606,30
281,279,4153,4353,606,30
508,255,4405,4581,606,30
468,269,4609,4801,606,30
521,263,4833,4925,606,30
712,265,4969,5353,606,30
942,272,5405,5801,606,30
1142,271,5937,6041,606,30
1080,277,6085,6253,606,30
1291,253,6541,6597,606,30
1454,265,6753,6861,606,30
1182,269,6948,7116,606,30
1291,263,7216,7320,606,30
1164,275,7532,7705,606,30
1309,268,7744,7880,606,30
1485,274,7968,8176,606,30
1566,261,8292,8364,606,30
305,320,8468,8596,606,30
237,327,8636,8708,606,30
304,324,8884,9052,606,30
425,331,9076,9288,606,30
607,319,9472,9784,606,30
656,322,9808,9952,606,30
808,312,10248,10368,606,30
916,326,10408,10620,606,30
1090,331,10664,10848,606,30
1035,332,10888,10984,606,30
1106,325,11007,11171,606,30
1412,325,11859,11919,606,30
1535,314,11979,12123,606,30
1606,311,12147,12283,606,30
304,370,12395,12547,606,30
268,377,12575,12723,606,30
461,368,12775,13071,606,30
659,387,13123,13455,606,30
784,369,13507,13643,606,30
928,387,13691,14147,606,30
1111,401,14195,14458,606,30
1262,392,14635,14854,606,30
1260,369,14883,14934,606,30
1272,400,14990,15050,606,30
1226,385,15250,15454,606,30
1133,384,15490,15590,606,30
1459,384,15642,15814,606,30
1519,382,15922,15978,606,30
1634,374,16010,16218,606,30
310,425,16350,16470,606,30
257,436,16498,16658,606,30
383,433,16694,16998,606,30
641,437,17190,17318,606,30
571,453,17362,17526,606,30
854,442,17586,17838,606,30
1036,445,17886,18066,606,30
997,450,18094,18210,606,30
775,436,18258,18386,606,30
1146,448,18449,18641,606,30
1400,461,18825,18897,606,30
1363,467,18925,19181,606,30
1434,450,19237,19345,606,30
1370,445,19409,19497,606,30
1344,442,19529,19585,606,30
1349,442,19597,19753,606,30
1402,452,19977,20197,606,30
1625,446,20325,20453,606,30
336,488,20569,20681,606,30
248,489,20713,21017,606,30
376,497,21077,21233,606,30
454,494,21269,21517,606,30
624,484,21561,21741,606,30
712,500,21789,22085,606,30
848,496,22124,22224,606,30
936,505,22444,22584,606,30
1019,504,22632,22800,606,30
1210,520,22848,23024,606,30
1262,516,23320,23428,606,30
1462,520,23472,23656,606,30
1520,514,23688,23780,606,30
265,577,23884,24208,606,30
1463,499,24380,24668,606,30
1422,519,24704,24768,606,30
1596,497,24812,24960,606,30
545,193,89,225,1806,30
718,161,253,425,1806,30
674,158,449,617,1806,30
637,167,637,753,1806,30
760,172,856,1057,1806,30
934,157,1096,1464,1806,30
1106,154,1504,1944,1806,30
1231,163,1976,2156,1806,30
1280,155,2176,2552,1806,30
519,195,2628,2764,1806,30
260,202,2824,3028,1806,30
331,194,3056,3224,1806,30
492,200,3264,3464,1806,30
646,199,3500,3652,1806,30
598,203,3676,3920,1806,30
645,149,3952,4256,1806,30
722,143,4388,4560,1806,30
786,130,4588,4904,1806,30
980,128,4944,5292,1806,30
1189,123,5331,5603,1806,30
1273,122,5627,6199,1806,30
761,140,6259,6331,1806,30
332,231,6511,6567,1806,30
231,172,6599,6751,1806,30
349,176,6779,6959,1806,30
476,189,6987,7227,1806,30
626,193,7259,7603,1806,30
204,245,7659,7879,1806,30
311,256,7911,8331,1806,30
514,266,8375,8578,1806,30
291,258,8630,8858,1806,30
378,250,8886,9122,1806,30
539,258,9154,9466,1806,30
622,269,9494,9950,1806,30
740,262,9978,10414,1806,30
817,265,10442,10850,1806,30
926,254,10878,11282,1806,30
1028,247,11310,11546,1806,30
1103,256,11570,11822,1806,30
1289,269,11866,12142,1806,30
1376,260,12166,12882,1806,30
1532,236,12910,13165,1806,30
1631,248,13189,13465,1806,30
369,286,13565,13697,1806,30
236,295,13725,13937,1806,30
299,300,13961,14313,1806,30
338,308,14337,14509,1806,30
483,301,14541,14909,1806,30
688,316,14945,15261,1806,30
610,321,15289,15477,1806,30
755,318,15521,15669,1806,30
824,321,15693,15889,1806,30
926,314,15917,16264,1806,30
1087,313,16312,16624,1806,30
1209,318,16652,17280,1806,30
1327,327,17332,17660,1806,30
1474,316,17692,17956,1806,30
1553,302,17980,18208,1806,30
1659,312,18240,18452,1806,30
1754,300,18480,18600,1806,30
384,350,18708,18888,1806,30
288,353,18916,19184,1806,30
341,365,19208,19372,1806,30
506,363,19408,19796,1806,30
655,381,19836,20044,1806,30
767,378,20084,20320,1806,30
922,372,20360,20575,1806,30
991,390,20599,20771,1806,30
877,390,20799,21043,1806,30
964,389,21071,21295,1806,30
1024,397,21323,21575,1806,30
965,388,21599,21767,1806,30
1114,381,21803,22103,1806,30
1253,389,22143,22339,1806,30
1369,388,22379,22539,1806,30
1494,383,22599,22751,1806,30
1569,378,22775,22971,1806,30
1679,381,22999,23203,1806,30
440,424,23303,23427,1806,30
261,414,23459,23778,1806,30
423,422,23818,24102,1806,30
586,423,24130,24558,1806,30
748,434,24606,24754,1806,30
847,439,24782,24962,1806,30
1054,453,25010,25402,1806,30
1175,450,25434,25670,1806,30
1132,452,25690,25858,1806,30
1324,443,25906,26158,1806,30
1238,445,26182,26490,1806,30
1413,450,26530,26950,1806,30
1389,445,26970,27502,1806,30
1484,437,27534,27738,1806,30
1598,435,27774,27937,1806,30
1491,442,27965,28165,1806,30
1457,440,28189,28689,1806,30
1665,430,28725,29021,1806,30
411,462,29117,29261,1806,30
280,468,29289,29609,1806,30
407,472,29645,29865,1806,30
581,476,29909,30137,1806,30
714,487,30173,30429,1806,30
874,493,30473,30609,1806,30
876,504,30773,30949,1806,30
925,510,30969,31113,1806,30
977,507,31304,31652,1806,30
1074,512,31680,32124,1806,30
1181,519,32156,32356,1806,30
1232,583,32420,32480,1806,30
1293,553,32512,32628,1806,30
1381,529,32660,32824,1806,30
1491,528,32928,33276,1806,30
1627,492,33368,33500,1806,30
290,589,33596,33744,1806,30
210,574,33768,33880,1806,30
288,277,34048,34284,1806,30
277,228,34312,34704,1806,30
448,213,34744,35056,1806,30
674,155,35100,35500,1806,30
765,142,35527,35788,1806,30
827,149,35811,37003,1806,30
1077,1138,37147,37363,1806,30
1084,1147,37391,37535,1806,30
1082,1153,37631,37703,1806,30
1021,217,37811,37935,1806,30
963,164,37963,38475,1806,30
1342,1090,39115,39622,1806,30
485,1115,39694,39886,1806,30
385,1134,39910,40118,1806,30
24,1059,40166,40354,1806,30
156,505,40426,40514,1806,30
153,486,40622,40734,1806,30
895,140,40806,41014,1806,30
660,149,41054,41814,1806,30
777,155,41850,42666,1806,30
875,162,42702,42858,1806,30
967,148,42886,43873,1806,30
659,152,43929,44277,1806,30
788,145,44313,45057,1806,30
645,150,45105,45301,1806,30
787,143,45341,45673,1806,30
909,122,45717,46125,1806,30
1008,123,46161,46576,1806,30
1149,144,46616,46844,1806,30
1105,137,46864,47772,1806,30
1009,681,47828,47984,1806,30
1064,1020,48024,48224,1806,30
950,208,48324,48424,1806,30
1042,118,48468,48588,1806,30
662,143,48804,48984,1806,30
866,143,49156,49384,1806,30
943,180,49636,49764,1806,30
1066,151,49800,50092,1806,30
1106,254,50152,50208,1806,30
1070,178,50272,50340,1806,30
1159,131,50372,50592,1806,30
1286,143,50623,51123,1806,30
1052,129,51175,51415,1806,30
1161,141,51451,51699,1806,30
658,127,51767,52131,1806,30
833,134,52175,52687,1806,30
895,136,52711,52987,1806,30
1022,134,53023,53291,1806,30
984,144,53315,53495,1806,30
1152,120,53535,53795,1806,30
1277,113,53827,53995,1806,30
388,160,54078,54219,1806,30
258,150,54250,54498,1806,30
452,173,54538,54810,1806,30
630,181,54846,55038,1806,30
576,184,55062,55206,1806,30
496,180,55230,55502,1806,30
659,184,55542,55750,1806,30
711,189,55770,56050,1806,30
357,226,56102,56258,1806,30
269,221,56282,56434,1806,30
276,238,56454,56590,1806,30
373,240,56622,56962,1806,30
455,234,56990,57162,1806,30
566,243,57190,57650,1806,30
734,249,57694,58074,1806,30
818,263,58098,58609,1806,30
881,241,58641,59081,1806,30
840,247,59105,59465,1806,30
947,251,59505,59785,1806,30
1064,245,59813,60089,1806,30
1153,241,60125,60349,1806,30
1290,227,60393,60629,1806,30
1210,237,60653,61029,1806,30
1322,235,61061,61457,1806,30
1372,235,61481,61673,1806,30
1296,239,61701,61888,1806,30
1504,233,61932,62284,1806,30
1617,232,62312,62524,1806,30
319,293,62632,62796,1806,30
233,261,62820,63120,1806,30
300,263,63144,63296,1806,30
445,291,63332,63776,1806,30
297,234,63812,64124,1806,30
497,232,64180,64372,1806,30
389,228,64404,64792,1806,30
532,230,64824,65248,1806,30
715,247,65296,65496,1806,30
770,251,65656,65955,1806,30
944,285,65996,66347,1806,30
1110,267,66391,66867,1806,30
1267,269,66899,67031,1806,30
1238,271,67171,67439,1806,30
1331,275,67471,67691,1806,30
1397,271,67715,67999,1806,30
1536,245,68035,68259,1806,30
1641,253,68287,68511,1806,30
373,336,68615,68759,1806,30
239,297,68783,69035,1806,30
296,302,69063,69286,1806,30
482,297,69323,69526,1806,30
662,316,69682,69774,1806,30
401,338,69830,70050,1806,30
665,330,70098,70478,1806,30
800,337,70514,70814,1806,30
919,331,70854,71366,1806,30
1060,332,71406,71622,1806,30
1115,333,71646,71890,1806,30
1206,349,72178,72470,1806,30
1311,338,72498,72914,1806,30
1274,336,72930,73066,1806,30
1448,327,73106,73373,1806,30
1533,329,73397,73641,1806,30
1617,313,73665,73865,1806,30
1699,307,73893,74033,1806,30
433,356,74125,74261,1806,30
263,370,74293,74529,1806,30
352,367,74557,75113,1806,30
507,370,75153,75557,1806,30
662,383,75729,76113,1806,30
753,384,76137,76409,1806,30
858,382,76453,76896,1806,30
939,390,76925,77220,1806,30
991,379,77244,77472,1806,30
1108,382,77500,77844,1806,30
1257,392,77884,78196,1806,30
1466,386,78240,78568,1806,30
1573,378,78608,78816,1806,30
1675,370,78840,79052,1806,30
268,410,79156,79464,1806,30
382,417,79708,79916,1806,30
453,428,79944,80216,1806,30
584,437,80256,80816,1806,30
661,422,80843,81039,1806,30
830,438,81231,81443,1806,30
933,440,81475,81703,1806,30
998,441,81727,81887,1806,30
1085,446,81911,82407,1806,30
1205,451,82439,82731,1806,30
1038,447,82779,83243,1806,30
1122,446,83287,83511,1806,30
1314,441,83551,83851,1806,30
1271,438,83875,84195,1806,30
1421,439,84227,85002,1806,30
1460,440,85034,85378,1806,30
1508,420,85402,85674,1806,30
1653,427,85722,86050,1806,30
1713,426,86090,86234,1806,30
482,432,86338,86470,1806,30
282,443,86510,86926,1806,30
381,459,86958,87146,1806,30
507,469,87174,87490,1806,30
602,480,87518,88206,1806,30
699,471,88238,88574,1806,30
878,480,88626,88849,1806,30
984,498,88893,89153,1806,30
1081,488,89189,89385,1806,30
1148,496,89413,89569,1806,30
1241,492,89609,89781,1806,30
1358,497,89817,90053,1806,30
1553,487,90093,90421,1806,30
1710,465,90457,90665,1806,30
1620,478,90689,91057,1806,30
1540,482,91081,91229,1806,30
1713,479,91261,91401,1806,30
288,551,91681,91773,1806,30
627,249,91957,92144,1806,30
1241,209,92204,92432,1806,30
298,266,92504,92804,1806,30
362,243,92836,92992,1806,30
494,258,93020,93356,1806,30
690,268,93396,93664,1806,30
777,276,93696,93888,1806,30
909,270,93928,94148,1806,30
1073,256,94216,94432,1806,30
1132,271,94456,94676,1806,30
1271,267,94708,94916,1806,30
1068,268,94964,95172,1806,30
1204,252,95220,95404,1806,30
1286,258,95432,95820,1806,30
1347,273,95848,96147,1806,30
1471,288,96191,96315,1806,30
1467,247,96351,96443,1806,30
1576,243,96471,96763,1806,30
290,326,96895,97039,1806,30
206,282,97067,97391,1806,30
347,307,97427,97715,1806,30
264,296,97743,98163,1806,30
232,279,98183,98283,1806,30
215,272,98523,98695,1806,30
193,271,98751,99099,1806,30
271,427,99195,99439,1806,30
397,323,99487,100126,1806,30
588,325,100174,100470,1806,30
634,311,100494,100726,1806,30
782,316,100770,101022,1806,30
889,304,101050,101466,1806,30
1041,310,101518,101770,1806,30
1140,302,101798,101982,1806,30
1197,315,102006,102190,1806,30
1294,305,102222,102502,1806,30
1443,314,102542,102734,1806,30
1304,321,102758,102990,1806,30
1487,310,103030,103246,1806,30
1439,290,103414,103585,1806,30
1609,309,103626,103917,1806,30
1705,294,103949,104141,1806,30
353,402,104238,104357,1806,30
266,343,104409,104637,1806,30
374,362,104853,105165,1806,30
482,371,105197,105373,1806,30
352,355,105405,105737,1806,30
515,375,105785,106193,1806,30
685,382,106229,106925,1806,30
685,329,106948,107188,1806,30
865,322,107228,107624,1806,30
951,326,107656,107824,1806,30
825,325,107852,108100,1806,30
1044,327,108144,108360,1806,30
1157,324,108388,108608,1806,30
1248,325,108632,108856,1806,30
1394,318,108900,109036,1806,30
1547,318,109072,109344,1806,30
1645,316,109384,109536,1806,30
1761,280,109592,109688,1806,30
357,360,109784,109944,1806,30
252,351,109972,110116,1806,30
471,340,110156,110268,1806,30
837,384,110420,110552,1806,30
790,395,110576,110720,1806,30
693,377,110748,111116,1806,30
865,374,111155,111552,1806,30
1117,389,111595,111795,1806,30
985,376,111823,112011,1806,30
1046,385,112035,112331,1806,30
1147,392,112367,112699,1806,30
1273,398,112739,113195,1806,30
1471,378,113239,113599,1806,30
1605,380,113635,113959,1806,30
1466,374,113987,114167,1806,30
-80,384,114279,115962,1806,30
1320,926,116022,116126,1806,30
1061,260,116218,116362,1806,30
1369,352,116462,116874,1806,30
1145,345,116902,117018,1806,30
916,349,117086,117162,1806,30
606,356,117306,117534,1806,30
738,339,117566,117846,1806,30
831,348,117870,118054,1806,30
931,351,118082,118438,1806,30
1088,349,118470,118681,1806,30
865,345,118853,119002,1806,30
686,350,119041,119265,1806,30
677,358,119321,119449,1806,30
879,334,119489,119681,1806,30
950,333,119705,119949,1806,30
1066,342,119981,120253,1806,30
1150,345,120285,120545,1806,30
1213,338,120577,120901,1806,30
1369,348,120937,121161,1806,30
1297,347,121185,121381,1806,30
1463,337,121417,121689,1806,30
1521,328,121713,122093,1806,30
1646,320,122129,122308,1806,30
814,328,122388,122540,1806,30
573,325,122584,122732,1806,30
1485,297,122872,123100,1806,30
1223,249,123144,123240,1806,30
274,263,123416,123664,1806,30
347,246,123692,123860,1806,30
347,250,123904,123996,1806,30
483,249,124036,124280,1806,30
559,254,124304,124636,1806,30
707,252,124764,124944,1806,30
577,254,124976,125248,1806,30
722,267,125292,125516,1806,30
804,258,125552,125964,1806,30
876,268,125996,126280,1806,30
931,263,126307,126719,1806,30
944,241,126875,126928,1806,30
935,263,126975,127256,1806,30
710,260,127379,127539,1806,30
289,224,127615,127735,1806,30
237,159,127775,127855,1806,30
248,179,127879,127983,1806,30
342,176,128015,128195,1806,30
474,187,128227,128483,1806,30
641,190,128523,128771,1806,30
581,195,128795,128891,1806,30
272,251,128939,129215,1806,30
352,256,129243,129523,1806,30
530,258,129559,130110,1806,30
695,256,130150,130410,1806,30
770,262,130438,130538,1806,30
863,271,130674,130858,1806,30
928,266,130882,131146,1806,30
1107,262,131178,131458,1806,30
1064,269,131482,131634,1806,30
1267,260,131670,131982,1806,30
1370,252,132010,132198,1806,30
1501,249,132342,132550,1806,30
1584,232,132578,132802,1806,30
1622,240,132826,133498,1806,30
340,336,133618,133786,1806,30
240,327,133814,133942,1806,30
253,298,133965,134997,1806,30
299,307,135021,135377,1806,30
419,306,135413,135865,1806,30
598,310,135909,136101,1806,30
647,322,136125,136429,1806,30
784,314,136465,136725,1806,30
920,318,136761,137213,1806,30
1035,305,137253,137532,1806,30
1122,316,137560,137904,1806,30
1192,317,137928,138204,1806,30
1292,307,138248,138784,1806,30
1436,311,138828,139132,1806,30
1571,296,139172,139420,1806,30
1641,298,139444,139784,1806,30
346,377,139900,140052,1806,30
237,371,140080,140364,1806,30
326,359,140388,140596,1806,30
466,361,140624,140872,1806,30
551,373,140896,141064,1806,30
686,360,141100,141292,1806,30
797,369,141320,141555,1806,30
903,380,141588,141931,1806,30
1093,387,141971,142187,1806,30
984,377,142211,142339,1806,30
1222,382,142507,142703,1806,30
1311,391,142735,142931,1806,30
1444,408,142959,143131,1806,30
1552,379,143171,143335,1806,30
1681,374,143371,143511,1806,30
273,430,143615,143943,1806,30
415,435,143983,144263,1806,30
585,450,144299,144643,1806,30
827,460,144687,144927,1806,30
1050,456,145043,145214,1806,30
1131,455,145239,145438,1806,30
1366,446,145478,145734,1806,30
1504,460,145774,145994,1806,30
1633,440,146026,146178,1806,30
365,493,146278,146422,1806,30
257,505,146450,146670,1806,30
390,497,146702,146906,1806,30
625,497,146954,147114,1806,30
720,498,147142,147318,1806,30
838,513,147362,147538,1806,30
949,515,147570,147690,1806,30
1084,540,147974,148166,1806,30
1187,540,148190,148386,1806,30
1320,535,148422,148790,1806,30
1491,536,148826,149094,1806,30
1577,522,149122,149262,1806,30
1659,504,149285,149394,1806,30
296,554,149493,149617,1806,30
244,561,149665,149813,1806,30
