Character,X_Start,Y_Start,X_End,Y_End,Line_Number,Word_Number,Char_Number_in_Word,X_Center,Y_Center
C,10,350,48,404,0,0,1,29.0,369.0
o,48,350,86,404,0,0,2,67.0,364.5
m,86,350,126,403,0,0,3,107.0,364.0
p,128,350,166,415,0,0,4,147.5,370.0
e,167,350,205,404,0,0,5,186.0,364.5
t,205,350,243,404,0,0,6,224.0,369.0
e,243,350,281,404,0,0,7,262.0,364.5
n,281,350,319,403,0,0,8,300.0,364.0
c,319,350,357,404,0,0,9,338.0,364.5
i,357,350,395,403,0,0,10,376.0,369.5
a,395,350,433,404,0,0,11,414.0,364.5
 ,433,350,471,403,0,0,12,452.0,350.0
c,471,350,509,404,0,0,13,490.0,364.5
o,509,350,547,404,0,0,14,528.0,364.5
n,547,350,585,403,0,0,15,566.0,364.0
 ,585,350,623,403,0,0,16,604.0,350.0
l,623,350,661,403,0,0,17,642.0,369.5
o,661,350,699,404,0,0,18,680.0,364.5
s,699,350,737,404,0,0,19,718.0,364.5
 ,737,350,775,403,0,0,20,756.0,350.0
H,775,350,813,403,0,0,21,794.0,368.0
u,813,350,851,404,0,0,22,832.0,364.0
m,851,350,891,403,0,0,23,872.0,364.0
a,893,350,931,404,0,0,24,912.0,364.5
n,931,350,969,403,0,0,25,950.0,364.0
o,969,350,1007,404,0,0,26,988.0,364.5
s,1007,350,1045,404,0,0,27,1026.0,364.5
 ,1045,350,1083,403,0,0,28,1064.0,350.0
M,1083,350,1123,403,0,0,29,1104.0,368.0
o,1125,350,1163,404,0,0,30,1144.0,364.5
d,1163,350,1202,404,0,0,31,1182.5,370.0
e,1202,350,1240,404,0,0,32,1221.0,364.5
r,1240,350,1278,403,0,0,33,1259.0,364.0
n,1278,350,1316,403,0,0,34,1297.0,364.0
o,1316,350,1354,404,0,0,35,1335.0,364.5
s,1354,350,1392,404,0,0,36,1373.0,364.5
E,10,476,48,529,1,1,1,29.0,494.0
l,48,476,86,529,1,1,2,67.0,495.5
 ,86,476,124,529,1,1,0,105.0,476.0
p,124,476,162,541,1,2,1,143.0,496.0
a,162,476,200,530,1,2,2,181.0,490.5
r,200,476,238,529,1,2,3,219.0,490.0
a,238,476,276,530,1,2,4,257.0,490.5
d,276,476,314,530,1,2,5,295.0,496.0
i,314,476,352,529,1,2,6,333.0,496.5
g,352,476,390,541,1,2,7,371.0,496.0
m,390,476,428,529,1,2,8,409.0,490.0
a,428,476,466,530,1,2,9,447.0,490.5
 ,466,476,504,529,1,2,0,485.0,476.0
c,504,476,542,530,1,3,1,523.0,490.5
l,542,476,580,529,1,3,2,561.0,495.5
á,580,476,618,530,1,3,3,599.0,496.5
s,618,476,656,530,1,3,4,637.0,490.5
i,656,476,694,529,1,3,5,675.0,496.5
c,694,476,732,530,1,3,6,713.0,490.5
o,732,476,770,530,1,3,7,751.0,490.5
 ,770,476,808,529,1,3,0,789.0,476.0
a,808,476,846,530,1,4,1,827.0,490.5
f,846,476,884,529,1,4,2,865.0,495.5
i,884,476,922,529,1,4,3,903.0,496.5
r,922,476,960,529,1,4,4,941.0,490.0
m,960,476,998,529,1,4,5,979.0,490.0
a,998,476,1036,530,1,4,6,1017.0,490.5
b,1036,476,1074,530,1,4,7,1055.0,496.0
a,1074,476,1112,530,1,4,8,1093.0,490.5
 ,1112,476,1150,529,1,4,0,1131.0,476.0
q,1150,476,1188,541,1,5,1,1169.0,496.0
u,1188,476,1226,530,1,5,2,1207.0,490.0
e,1226,476,1264,530,1,5,3,1245.0,490.5
 ,1264,476,1302,529,1,5,0,1283.0,476.0
l,1302,476,1340,529,1,6,1,1321.0,495.5
a,1340,476,1378,530,1,6,2,1359.0,490.5
 ,1378,476,1416,529,1,6,0,1397.0,476.0
e,1416,476,1454,530,1,7,1,1435.0,490.5
x,1454,476,1492,529,1,7,2,1473.0,489.5
t,1492,476,1530,530,1,7,3,1511.0,494.5
i,1530,476,1568,529,1,7,4,1549.0,496.5
n,1568,476,1606,529,1,7,5,1587.0,490.0
c,1606,476,1644,530,1,7,6,1625.0,490.5
i,1644,476,1682,529,1,7,7,1663.0,496.5
ó,1682,476,1720,530,1,7,8,1701.0,496.5
n,1720,476,1758,529,1,7,9,1739.0,490.0
 ,1758,476,1796,529,1,7,0,1777.0,476.0
d,1796,476,1834,530,1,8,1,1815.0,496.0
e,1834,476,1872,530,1,8,2,1853.0,490.5
 ,1872,476,1910,529,1,8,0,1891.0,476.0
l,1910,476,1948,529,1,9,1,1929.0,495.5
o,1948,476,1986,530,1,9,2,1967.0,490.5
s,1986,476,2024,530,1,9,3,2005.0,490.5
 ,2024,476,2062,529,1,9,0,2043.0,476.0
n,2062,476,2100,529,1,10,1,2081.0,490.0
e,2100,476,2138,530,1,10,2,2119.0,490.5
a,2138,476,2176,530,1,10,3,2157.0,490.5
n,2176,476,2214,529,1,10,4,2195.0,490.0
d,2214,476,2252,530,1,10,5,2233.0,496.0
e,2252,476,2290,530,1,10,6,2271.0,490.5
r,2290,476,2328,529,1,10,7,2309.0,490.0
t,2328,476,2366,530,1,10,8,2347.0,494.5
a,2366,476,2404,530,1,10,9,2385.0,490.5
l,2404,476,2442,529,1,10,10,2423.0,495.5
e,2442,476,2480,530,1,10,11,2461.0,490.5
s,2480,476,2518,530,1,10,12,2499.0,490.5
 ,2518,476,2556,529,1,10,0,2537.0,476.0
c,2556,476,2594,530,1,11,1,2575.0,490.5
o,2594,476,2632,530,1,11,2,2613.0,490.5
i,2632,476,2670,529,1,11,3,2651.0,496.5
n,2670,476,2708,529,1,11,4,2689.0,490.0
c,2708,476,2746,530,1,11,5,2727.0,490.5
i,2746,476,2784,529,1,11,6,2765.0,496.5
d,2784,476,2822,530,1,11,7,2803.0,496.0
i,2822,476,2860,529,1,11,8,2841.0,496.5
ó,2860,476,2898,530,1,11,9,2879.0,496.5
 ,2898,476,2936,529,1,11,0,2917.0,476.0
c,2936,476,2974,530,1,12,1,2955.0,490.5
o,2974,476,3012,530,1,12,2,2993.0,490.5
n,3012,476,3050,529,1,12,3,3031.0,490.0
 ,3050,476,3088,529,1,12,0,3069.0,476.0
l,3088,476,3126,529,1,13,1,3107.0,495.5
a,3126,476,3164,530,1,13,2,3145.0,490.5
 ,3164,476,3202,529,1,13,0,3183.0,476.0
e,3202,476,3240,530,1,14,1,3221.0,490.5
n,3240,476,3278,529,1,14,2,3259.0,490.0
t,3278,476,3316,530,1,14,3,3297.0,494.5
r,3316,476,3354,529,1,14,4,3335.0,490.0
a,3354,476,3392,530,1,14,5,3373.0,490.5
d,3392,476,3430,530,1,14,6,3411.0,496.0
a,3430,476,3468,530,1,14,7,3449.0,490.5
e,10,602,48,656,2,15,1,29.0,616.5
n,48,602,86,655,2,15,2,67.0,616.0
 ,86,602,124,655,2,15,0,105.0,602.0
E,124,602,162,655,2,16,1,143.0,620.0
u,162,602,200,656,2,16,2,181.0,616.0
r,200,602,238,655,2,16,3,219.0,616.0
o,238,602,276,656,2,16,4,257.0,616.5
p,276,602,314,667,2,16,5,295.0,622.0
a,314,602,352,656,2,16,6,333.0,616.5
 ,352,602,390,655,2,16,0,371.0,602.0
d,390,602,428,656,2,17,1,409.0,622.0
e,428,602,466,656,2,17,2,447.0,616.5
 ,466,602,504,655,2,17,0,485.0,602.0
l,504,602,542,655,2,18,1,523.0,621.5
o,542,602,580,656,2,18,2,561.0,616.5
s,580,602,618,656,2,18,3,599.0,616.5
 ,618,602,656,655,2,18,0,637.0,602.0
l,656,602,694,655,2,19,1,675.0,621.5
l,694,602,732,655,2,19,2,713.0,621.5
a,732,602,770,656,2,19,3,751.0,616.5
m,770,602,808,655,2,19,4,789.0,616.0
a,808,602,846,656,2,19,5,827.0,616.5
d,846,602,884,656,2,19,6,865.0,622.0
o,884,602,922,656,2,19,7,903.0,616.5
s,922,602,960,656,2,19,8,941.0,616.5
 ,960,602,998,655,2,19,0,979.0,602.0
c,998,602,1036,656,2,20,1,1017.0,616.5
r,1036,602,1074,655,2,20,2,1055.0,616.0
o,1074,602,1112,656,2,20,3,1093.0,616.5
m,1112,602,1150,655,2,20,4,1131.0,616.0
a,1150,602,1188,656,2,20,5,1169.0,616.5
ñ,1188,602,1226,655,2,20,6,1207.0,621.0
o,1226,602,1264,656,2,20,7,1245.0,616.5
n,1264,602,1302,655,2,20,8,1283.0,616.0
e,1302,602,1340,656,2,20,9,1321.0,616.5
s,1340,602,1378,656,2,20,10,1359.0,616.5
 ,1378,602,1416,655,2,20,0,1397.0,602.0
(,1416,602,1454,663,2,21,1,1435.0,625.5
H,1454,602,1492,655,2,21,2,1473.0,620.0
o,1492,602,1530,656,2,21,3,1511.0,616.5
m,1530,602,1568,655,2,21,4,1549.0,616.0
o,1568,602,1606,656,2,21,5,1587.0,616.5
 ,1606,602,1644,655,2,21,0,1625.0,602.0
s,1644,602,1682,656,2,22,1,1663.0,616.5
a,1682,602,1720,656,2,22,2,1701.0,616.5
p,1720,602,1758,667,2,22,3,1739.0,622.0
i,1758,602,1796,655,2,22,4,1777.0,622.5
e,1796,602,1834,656,2,22,5,1815.0,616.5
n,1834,602,1872,655,2,22,6,1853.0,616.0
s,1872,602,1910,656,2,22,7,1891.0,616.5
 ,1910,602,1948,655,2,22,0,1929.0,602.0
d,1948,602,1986,656,2,23,1,1967.0,622.0
e,1986,602,2024,656,2,23,2,2005.0,616.5
l,2024,602,2062,655,2,23,3,2043.0,621.5
 ,2062,602,2100,655,2,23,0,2081.0,602.0
P,2100,602,2138,655,2,24,1,2119.0,620.0
a,2138,602,2176,656,2,24,2,2157.0,616.5
l,2176,602,2214,655,2,24,3,2195.0,621.5
e,2214,602,2252,656,2,24,4,2233.0,616.5
o,2252,602,2290,656,2,24,5,2271.0,616.5
l,2290,602,2328,655,2,24,6,2309.0,621.5
í,2328,602,2366,655,2,24,7,2347.0,622.0
t,2366,602,2404,656,2,24,8,2385.0,620.5
i,2404,602,2442,655,2,24,9,2423.0,622.5
c,2442,602,2480,656,2,24,10,2461.0,616.5
o,2480,602,2518,656,2,24,11,2499.0,616.5
 ,2518,602,2556,655,2,24,0,2537.0,602.0
s,2556,602,2594,656,2,25,1,2575.0,616.5
u,2594,602,2632,656,2,25,2,2613.0,616.0
p,2632,602,2670,667,2,25,3,2651.0,622.0
e,2670,602,2708,656,2,25,4,2689.0,616.5
r,2708,602,2746,655,2,25,5,2727.0,616.0
i,2746,602,2784,655,2,25,6,2765.0,622.5
o,2784,602,2822,656,2,25,7,2803.0,616.5
r,2822,602,2860,655,2,25,8,2841.0,616.0
),2860,602,2898,663,2,25,9,2879.0,625.5
.,2898,602,2936,656,2,25,10,2917.0,606.0
 ,2936,602,2974,655,2,25,0,2955.0,602.0
L,2974,602,3012,655,2,26,1,2993.0,620.0
a,3012,602,3050,656,2,26,2,3031.0,616.5
i,10,728,48,781,3,27,1,29.0,748.5
n,48,728,86,781,3,27,2,67.0,742.0
f,86,728,124,781,3,27,3,105.0,747.5
l,124,728,162,781,3,27,4,143.0,747.5
u,162,728,200,782,3,27,5,181.0,742.0
e,200,728,238,782,3,27,6,219.0,742.5
n,238,728,276,781,3,27,7,257.0,742.0
c,276,728,314,782,3,27,8,295.0,742.5
i,314,728,352,781,3,27,9,333.0,748.5
a,352,728,390,782,3,27,10,371.0,742.5
 ,390,728,428,781,3,27,0,409.0,728.0
d,428,728,466,782,3,28,1,447.0,748.0
e,466,728,504,782,3,28,2,485.0,742.5
 ,504,728,542,781,3,28,0,523.0,728.0
e,542,728,580,782,3,29,1,561.0,742.5
s,580,728,618,782,3,29,2,599.0,742.5
t,618,728,656,782,3,29,3,637.0,746.5
o,656,728,694,782,3,29,4,675.0,742.5
s,694,728,732,782,3,29,5,713.0,742.5
 ,732,728,770,781,3,29,0,751.0,728.0
ú,770,728,808,782,3,30,1,789.0,748.5
l,808,728,846,781,3,30,2,827.0,747.5
t,846,728,884,782,3,30,3,865.0,746.5
i,884,728,922,781,3,30,4,903.0,748.5
m,922,728,960,781,3,30,5,941.0,742.0
o,960,728,998,782,3,30,6,979.0,742.5
s,998,728,1036,782,3,30,7,1017.0,742.5
 ,1036,728,1074,781,3,30,0,1055.0,728.0
e,1074,728,1112,782,3,31,1,1093.0,742.5
n,1112,728,1150,781,3,31,2,1131.0,742.0
 ,1150,728,1188,781,3,31,0,1169.0,728.0
l,1188,728,1226,781,3,32,1,1207.0,747.5
a,1226,728,1264,782,3,32,2,1245.0,742.5
 ,1264,728,1302,781,3,32,0,1283.0,728.0
d,1302,728,1340,782,3,33,1,1321.0,748.0
e,1340,728,1378,782,3,33,2,1359.0,742.5
s,1378,728,1416,782,3,33,3,1397.0,742.5
a,1416,728,1454,782,3,33,4,1435.0,742.5
p,1454,728,1492,793,3,33,5,1473.0,748.0
a,1492,728,1530,782,3,33,6,1511.0,742.5
r,1530,728,1568,781,3,33,7,1549.0,742.0
i,1568,728,1606,781,3,33,8,1587.0,748.5
c,1606,728,1644,782,3,33,9,1625.0,742.5
i,1644,728,1682,781,3,33,10,1663.0,748.5
ó,1682,728,1720,782,3,33,11,1701.0,748.5
n,1720,728,1758,781,3,33,12,1739.0,742.0
 ,1758,728,1796,781,3,33,0,1777.0,728.0
d,1796,728,1834,782,3,34,1,1815.0,748.0
e,1834,728,1872,782,3,34,2,1853.0,742.5
 ,1872,728,1910,781,3,34,0,1891.0,728.0
l,1910,728,1948,781,3,35,1,1929.0,747.5
o,1948,728,1986,782,3,35,2,1967.0,742.5
s,1986,728,2024,782,3,35,3,2005.0,742.5
 ,2024,728,2062,781,3,35,0,2043.0,728.0
p,2062,728,2100,793,3,36,1,2081.0,748.0
r,2100,728,2138,781,3,36,2,2119.0,742.0
i,2138,728,2176,781,3,36,3,2157.0,748.5
m,2176,728,2214,781,3,36,4,2195.0,742.0
e,2214,728,2252,782,3,36,5,2233.0,742.5
r,2252,728,2290,781,3,36,6,2271.0,742.0
o,2290,728,2328,782,3,36,7,2309.0,742.5
s,2328,728,2366,782,3,36,8,2347.0,742.5
 ,2366,728,2404,781,3,36,0,2385.0,728.0
p,2404,728,2442,793,3,37,1,2423.0,748.0
a,2442,728,2480,782,3,37,2,2461.0,742.5
s,2480,728,2518,782,3,37,3,2499.0,742.5
a,2518,728,2556,782,3,37,4,2537.0,742.5
 ,2556,728,2594,781,3,37,0,2575.0,728.0
p,2594,728,2632,793,3,38,1,2613.0,748.0
o,2632,728,2670,782,3,38,2,2651.0,742.5
r,2670,728,2708,781,3,38,3,2689.0,742.0
 ,2708,728,2746,781,3,38,0,2727.0,728.0
d,2746,728,2784,782,3,39,1,2765.0,748.0
i,2784,728,2822,781,3,39,2,2803.0,748.5
f,2822,728,2860,781,3,39,3,2841.0,747.5
e,2860,728,2898,782,3,39,4,2879.0,742.5
r,2898,728,2936,781,3,39,5,2917.0,742.0
e,2936,728,2974,782,3,39,6,2955.0,742.5
n,2974,728,3012,781,3,39,7,2993.0,742.0
t,3012,728,3050,782,3,39,8,3031.0,746.5
e,3050,728,3088,782,3,39,9,3069.0,742.5
s,3088,728,3126,782,3,39,10,3107.0,742.5
i,10,854,48,907,4,40,1,29.0,874.5
n,48,854,86,907,4,40,2,67.0,868.0
t,86,854,124,908,4,40,3,105.0,872.5
e,124,854,162,908,4,40,4,143.0,868.5
r,162,854,200,907,4,40,5,181.0,868.0
p,200,854,238,919,4,40,6,219.0,874.0
r,238,854,276,907,4,40,7,257.0,868.0
e,276,854,314,908,4,40,8,295.0,868.5
t,314,854,352,908,4,40,9,333.0,872.5
a,352,854,390,908,4,40,10,371.0,868.5
c,390,854,428,908,4,40,11,409.0,868.5
i,428,854,466,907,4,40,12,447.0,874.5
o,466,854,504,908,4,40,13,485.0,868.5
n,504,854,542,907,4,40,14,523.0,868.0
e,542,854,580,908,4,40,15,561.0,868.5
s,580,854,618,908,4,40,16,599.0,868.5
:,618,854,656,908,4,40,17,637.0,868.0
 ,656,854,694,907,4,40,0,675.0,854.0
d,694,854,732,908,4,41,1,713.0,874.0
e,732,854,770,908,4,41,2,751.0,868.5
s,770,854,808,908,4,41,3,789.0,868.5
d,808,854,846,908,4,41,4,827.0,874.0
e,846,854,884,908,4,41,5,865.0,868.5
 ,884,854,922,907,4,41,0,903.0,854.0
a,922,854,960,908,4,42,1,941.0,868.5
q,960,854,998,919,4,42,2,979.0,874.0
u,998,854,1036,908,4,42,3,1017.0,868.0
e,1036,854,1074,908,4,42,4,1055.0,868.5
l,1074,854,1112,907,4,42,5,1093.0,873.5
l,1112,854,1150,907,4,42,6,1131.0,873.5
a,1150,854,1188,908,4,42,7,1169.0,868.5
s,1188,854,1226,908,4,42,8,1207.0,868.5
 ,1226,854,1264,907,4,42,0,1245.0,854.0
q,1264,854,1302,919,4,43,1,1283.0,874.0
u,1302,854,1340,908,4,43,2,1321.0,868.0
e,1340,854,1378,908,4,43,3,1359.0,868.5
 ,1378,854,1416,907,4,43,0,1397.0,854.0
p,1416,854,1454,919,4,44,1,1435.0,874.0
r,1454,854,1492,907,4,44,2,1473.0,868.0
o,1492,854,1530,908,4,44,3,1511.0,868.5
p,1530,854,1568,919,4,44,4,1549.0,874.0
o,1568,854,1606,908,4,44,5,1587.0,868.5
n,1606,854,1644,907,4,44,6,1625.0,868.0
e,1644,854,1682,908,4,44,7,1663.0,868.5
n,1682,854,1720,907,4,44,8,1701.0,868.0
 ,1720,854,1758,907,4,44,0,1739.0,854.0
u,1758,854,1796,908,4,45,1,1777.0,868.0
n,1796,854,1834,907,4,45,2,1815.0,868.0
 ,1834,854,1872,907,4,45,0,1853.0,854.0
e,1872,854,1910,908,4,46,1,1891.0,868.5
s,1910,854,1948,908,4,46,2,1929.0,868.5
c,1948,854,1986,908,4,46,3,1967.0,868.5
e,1986,854,2024,908,4,46,4,2005.0,868.5
n,2024,854,2062,907,4,46,5,2043.0,868.0
a,2062,854,2100,908,4,46,6,2081.0,868.5
r,2100,854,2138,907,4,46,7,2119.0,868.0
i,2138,854,2176,907,4,46,8,2157.0,874.5
o,2176,854,2214,908,4,46,9,2195.0,868.5
 ,2214,854,2252,907,4,46,0,2233.0,854.0
d,2252,854,2290,908,4,47,1,2271.0,874.0
e,2290,854,2328,908,4,47,2,2309.0,868.5
 ,2328,854,2366,907,4,47,0,2347.0,854.0
r,2366,854,2404,907,4,48,1,2385.0,868.0
á,2404,854,2442,908,4,48,2,2423.0,874.5
p,2442,854,2480,919,4,48,3,2461.0,874.0
i,2480,854,2518,907,4,48,4,2499.0,874.5
d,2518,854,2556,908,4,48,5,2537.0,874.0
a,2556,854,2594,908,4,48,6,2575.0,868.5
 ,2594,854,2632,907,4,48,0,2613.0,854.0
y,2632,854,2670,919,4,49,1,2651.0,873.5
 ,2670,854,2708,907,4,49,0,2689.0,854.0
d,2708,854,2746,908,4,50,1,2727.0,874.0
r,2746,854,2784,907,4,50,2,2765.0,868.0
á,2784,854,2822,908,4,50,3,2803.0,874.5
s,2822,854,2860,908,4,50,4,2841.0,868.5
t,2860,854,2898,908,4,50,5,2879.0,872.5
i,2898,854,2936,907,4,50,6,2917.0,874.5
c,2936,854,2974,908,4,50,7,2955.0,868.5
a,2974,854,3012,908,4,50,8,2993.0,868.5
c,10,980,48,1034,5,51,1,29.0,994.5
o,48,980,86,1034,5,51,2,67.0,994.5
l,86,980,124,1033,5,51,3,105.0,999.5
o,124,980,162,1034,5,51,4,143.0,994.5
n,162,980,200,1033,5,51,5,181.0,994.0
i,200,980,238,1033,5,51,6,219.0,1000.5
z,238,980,276,1033,5,51,7,257.0,993.5
a,276,980,314,1034,5,51,8,295.0,994.5
c,314,980,352,1034,5,51,9,333.0,994.5
i,352,980,390,1033,5,51,10,371.0,1000.5
ó,390,980,428,1034,5,51,11,409.0,1000.5
n,428,980,466,1033,5,51,12,447.0,994.0
 ,466,980,504,1033,5,51,0,485.0,980.0
c,504,980,542,1034,5,52,1,523.0,994.5
o,542,980,580,1034,5,52,2,561.0,994.5
n,580,980,618,1033,5,52,3,599.0,994.0
 ,618,980,656,1033,5,52,0,637.0,980.0
c,656,980,694,1034,5,53,1,675.0,994.5
o,694,980,732,1034,5,53,2,713.0,994.5
n,732,980,770,1033,5,53,3,751.0,994.0
f,770,980,808,1033,5,53,4,789.0,999.5
l,808,980,846,1033,5,53,5,827.0,999.5
i,846,980,884,1033,5,53,6,865.0,1000.5
c,884,980,922,1034,5,53,7,903.0,994.5
t,922,980,960,1034,5,53,8,941.0,998.5
o,960,980,998,1034,5,53,9,979.0,994.5
s,998,980,1036,1034,5,53,10,1017.0,994.5
 ,1036,980,1074,1033,5,53,0,1055.0,980.0
v,1074,980,1112,1033,5,54,1,1093.0,993.5
i,1112,980,1150,1033,5,54,2,1131.0,1000.5
o,1150,980,1188,1034,5,54,3,1169.0,994.5
l,1188,980,1226,1033,5,54,4,1207.0,999.5
e,1226,980,1264,1034,5,54,5,1245.0,994.5
n,1264,980,1302,1033,5,54,6,1283.0,994.0
t,1302,980,1340,1034,5,54,7,1321.0,998.5
o,1340,980,1378,1034,5,54,8,1359.0,994.5
s,1378,980,1416,1034,5,54,9,1397.0,994.5
",",1416,980,1454,1042,5,54,10,1435.0,989.5
 ,1454,980,1492,1033,5,54,0,1473.0,980.0
h,1492,980,1530,1033,5,55,1,1511.0,999.5
a,1530,980,1568,1034,5,55,2,1549.0,994.5
s,1568,980,1606,1034,5,55,3,1587.0,994.5
t,1606,980,1644,1034,5,55,4,1625.0,998.5
a,1644,980,1682,1034,5,55,5,1663.0,994.5
 ,1682,980,1720,1033,5,55,0,1701.0,980.0
o,1720,980,1758,1034,5,56,1,1739.0,994.5
t,1758,980,1796,1034,5,56,2,1777.0,998.5
r,1796,980,1834,1033,5,56,3,1815.0,994.0
a,1834,980,1872,1034,5,56,4,1853.0,994.5
s,1872,980,1910,1034,5,56,5,1891.0,994.5
 ,1910,980,1948,1033,5,56,0,1929.0,980.0
m,1948,980,1986,1033,5,57,1,1967.0,994.0
á,1986,980,2024,1034,5,57,2,2005.0,1000.5
s,2024,980,2062,1034,5,57,3,2043.0,994.5
 ,2062,980,2100,1033,5,57,0,2081.0,980.0
g,2100,980,2138,1045,5,58,1,2119.0,1000.0
r,2138,980,2176,1033,5,58,2,2157.0,994.0
a,2176,980,2214,1034,5,58,3,2195.0,994.5
d,2214,980,2252,1034,5,58,4,2233.0,1000.0
u,2252,980,2290,1034,5,58,5,2271.0,994.0
a,2290,980,2328,1034,5,58,6,2309.0,994.5
l,2328,980,2366,1033,5,58,7,2347.0,999.5
e,2366,980,2404,1034,5,58,8,2385.0,994.5
s,2404,980,2442,1034,5,58,9,2423.0,994.5
 ,2442,980,2480,1033,5,58,0,2461.0,980.0
e,2480,980,2518,1034,5,59,1,2499.0,994.5
n,2518,980,2556,1033,5,59,2,2537.0,994.0
 ,2556,980,2594,1033,5,59,0,2575.0,980.0
u,2594,980,2632,1034,5,60,1,2613.0,994.0
n,2632,980,2670,1033,5,60,2,2651.0,994.0
 ,2670,980,2708,1033,5,60,0,2689.0,980.0
m,2708,980,2746,1033,5,61,1,2727.0,994.0
a,2746,980,2784,1034,5,61,2,2765.0,994.5
r,2784,980,2822,1033,5,61,3,2803.0,994.0
c,2822,980,2860,1034,5,61,4,2841.0,994.5
o,2860,980,2898,1034,5,61,5,2879.0,994.5
 ,2898,980,2936,1033,5,61,0,2917.0,980.0
d,2936,980,2974,1034,5,62,1,2955.0,1000.0
e,2974,980,3012,1034,5,62,2,2993.0,994.5
 ,3012,980,3050,1033,5,62,0,3031.0,980.0
l,3050,980,3088,1033,5,63,1,3069.0,999.5
a,3088,980,3126,1034,5,63,2,3107.0,994.5
c,10,1106,48,1160,6,64,1,29.0,1120.5
o,48,1106,86,1160,6,64,2,67.0,1120.5
m,86,1106,124,1159,6,64,3,105.0,1120.0
p,124,1106,162,1171,6,64,4,143.0,1126.0
e,162,1106,200,1160,6,64,5,181.0,1120.5
t,200,1106,238,1160,6,64,6,219.0,1124.5
e,238,1106,276,1160,6,64,7,257.0,1120.5
n,276,1106,314,1159,6,64,8,295.0,1120.0
c,314,1106,352,1160,6,64,9,333.0,1120.5
i,352,1106,390,1159,6,64,10,371.0,1126.5
a,390,1106,428,1160,6,64,11,409.0,1120.5
 ,428,1106,466,1159,6,64,0,447.0,1106.0
i,466,1106,504,1159,6,65,1,485.0,1126.5
n,504,1106,542,1159,6,65,2,523.0,1120.0
t,542,1106,580,1160,6,65,3,561.0,1124.5
e,580,1106,618,1160,6,65,4,599.0,1120.5
r,618,1106,656,1159,6,65,5,637.0,1120.0
e,656,1106,694,1160,6,65,6,675.0,1120.5
s,694,1106,732,1160,6,65,7,713.0,1120.5
p,732,1106,770,1171,6,65,8,751.0,1126.0
e,770,1106,808,1160,6,65,9,789.0,1120.5
c,808,1106,846,1160,6,65,10,827.0,1120.5
í,846,1106,884,1159,6,65,11,865.0,1126.0
f,884,1106,922,1159,6,65,12,903.0,1125.5
i,922,1106,960,1159,6,65,13,941.0,1126.5
c,960,1106,998,1160,6,65,14,979.0,1120.5
a,998,1106,1036,1160,6,65,15,1017.0,1120.5
.,1036,1106,1074,1160,6,65,16,1055.0,1110.0
 ,1074,1106,1112,1159,6,65,0,1093.0,1106.0
A,1112,1106,1150,1159,6,66,1,1131.0,1124.0
s,1150,1106,1188,1160,6,66,2,1169.0,1120.5
í,1188,1106,1226,1159,6,66,3,1207.0,1126.0
",",1226,1106,1264,1168,6,66,4,1245.0,1115.5
 ,1264,1106,1302,1159,6,66,0,1283.0,1106.0
l,1302,1106,1340,1159,6,67,1,1321.0,1125.5
a,1340,1106,1378,1160,6,67,2,1359.0,1120.5
 ,1378,1106,1416,1159,6,67,0,1397.0,1106.0
p,1416,1106,1454,1171,6,68,1,1435.0,1126.0
e,1454,1106,1492,1160,6,68,2,1473.0,1120.5
l,1492,1106,1530,1159,6,68,3,1511.0,1125.5
e,1530,1106,1568,1160,6,68,4,1549.0,1120.5
a,1568,1106,1606,1160,6,68,5,1587.0,1120.5
 ,1606,1106,1644,1159,6,68,0,1625.0,1106.0
p,1644,1106,1682,1171,6,69,1,1663.0,1126.0
o,1682,1106,1720,1160,6,69,2,1701.0,1120.5
r,1720,1106,1758,1159,6,69,3,1739.0,1120.0
 ,1758,1106,1796,1159,6,69,0,1777.0,1106.0
d,1796,1106,1834,1160,6,70,1,1815.0,1126.0
e,1834,1106,1872,1160,6,70,2,1853.0,1120.5
t,1872,1106,1910,1160,6,70,3,1891.0,1124.5
e,1910,1106,1948,1160,6,70,4,1929.0,1120.5
r,1948,1106,1986,1159,6,70,5,1967.0,1120.0
m,1986,1106,2024,1159,6,70,6,2005.0,1120.0
i,2024,1106,2062,1159,6,70,7,2043.0,1126.5
n,2062,1106,2100,1159,6,70,8,2081.0,1120.0
a,2100,1106,2138,1160,6,70,9,2119.0,1120.5
d,2138,1106,2176,1160,6,70,10,2157.0,1126.0
o,2176,1106,2214,1160,6,70,11,2195.0,1120.5
s,2214,1106,2252,1160,6,70,12,2233.0,1120.5
 ,2252,1106,2290,1159,6,70,0,2271.0,1106.0
r,2290,1106,2328,1159,6,71,1,2309.0,1120.0
e,2328,1106,2366,1160,6,71,2,2347.0,1120.5
c,2366,1106,2404,1160,6,71,3,2385.0,1120.5
u,2404,1106,2442,1160,6,71,4,2423.0,1120.0
r,2442,1106,2480,1159,6,71,5,2461.0,1120.0
s,2480,1106,2518,1160,6,71,6,2499.0,1120.5
o,2518,1106,2556,1160,6,71,7,2537.0,1120.5
s,2556,1106,2594,1160,6,71,8,2575.0,1120.5
 ,2594,1106,2632,1159,6,71,0,2613.0,1106.0
f,2632,1106,2670,1159,6,72,1,2651.0,1125.5
u,2670,1106,2708,1160,6,72,2,2689.0,1120.0
n,2708,1106,2746,1159,6,72,3,2727.0,1120.0
d,2746,1106,2784,1160,6,72,4,2765.0,1126.0
a,2784,1106,2822,1160,6,72,5,2803.0,1120.5
m,2822,1106,2860,1159,6,72,6,2841.0,1120.0
e,2860,1106,2898,1160,6,72,7,2879.0,1120.5
n,2898,1106,2936,1159,6,72,8,2917.0,1120.0
t,2936,1106,2974,1160,6,72,9,2955.0,1124.5
a,2974,1106,3012,1160,6,72,10,2993.0,1120.5
l,3012,1106,3050,1159,6,72,11,3031.0,1125.5
e,3050,1106,3088,1160,6,72,12,3069.0,1120.5
s,3088,1106,3126,1160,6,72,13,3107.0,1120.5
 ,3126,1106,3164,1159,6,72,0,3145.0,1106.0
y,3164,1106,3202,1171,6,73,1,3183.0,1125.5
l,10,1232,48,1285,7,74,1,29.0,1251.5
i,48,1232,86,1285,7,74,2,67.0,1252.5
m,86,1232,124,1285,7,74,3,105.0,1246.0
i,124,1232,162,1285,7,74,4,143.0,1252.5
t,162,1232,200,1286,7,74,5,181.0,1250.5
a,200,1232,238,1286,7,74,6,219.0,1246.5
d,238,1232,276,1286,7,74,7,257.0,1252.0
o,276,1232,314,1286,7,74,8,295.0,1246.5
s,314,1232,352,1286,7,74,9,333.0,1246.5
 ,352,1232,390,1285,7,74,0,371.0,1232.0
(,390,1232,428,1293,7,75,1,409.0,1255.5
t,428,1232,466,1286,7,75,2,447.0,1250.5
r,466,1232,504,1285,7,75,3,485.0,1246.0
ó,504,1232,542,1286,7,75,4,523.0,1252.5
f,542,1232,580,1285,7,75,5,561.0,1251.5
i,580,1232,618,1285,7,75,6,599.0,1252.5
c,618,1232,656,1286,7,75,7,637.0,1246.5
o,656,1232,694,1286,7,75,8,675.0,1246.5
s,694,1232,732,1286,7,75,9,713.0,1246.5
",",732,1232,770,1294,7,75,10,751.0,1241.5
 ,770,1232,808,1285,7,75,0,789.0,1232.0
t,808,1232,846,1286,7,76,1,827.0,1250.5
e,846,1232,884,1286,7,76,2,865.0,1246.5
r,884,1232,922,1285,7,76,3,903.0,1246.0
r,922,1232,960,1285,7,76,4,941.0,1246.0
i,960,1232,998,1285,7,76,5,979.0,1252.5
t,998,1232,1036,1286,7,76,6,1017.0,1250.5
o,1036,1232,1074,1286,7,76,7,1055.0,1246.5
r,1074,1232,1112,1285,7,76,8,1093.0,1246.0
i,1112,1232,1150,1285,7,76,9,1131.0,1252.5
a,1150,1232,1188,1286,7,76,10,1169.0,1246.5
l,1188,1232,1226,1285,7,76,11,1207.0,1251.5
e,1226,1232,1264,1286,7,76,12,1245.0,1246.5
s,1264,1232,1302,1286,7,76,13,1283.0,1246.5
",",1302,1232,1340,1294,7,76,14,1321.0,1241.5
 ,1340,1232,1378,1285,7,76,0,1359.0,1232.0
d,1378,1232,1416,1286,7,77,1,1397.0,1252.0
e,1416,1232,1454,1286,7,77,2,1435.0,1246.5
 ,1454,1232,1492,1285,7,77,0,1473.0,1232.0
r,1492,1232,1530,1285,7,78,1,1511.0,1246.0
e,1530,1232,1568,1286,7,78,2,1549.0,1246.5
f,1568,1232,1606,1285,7,78,3,1587.0,1251.5
u,1606,1232,1644,1286,7,78,4,1625.0,1246.0
g,1644,1232,1682,1297,7,78,5,1663.0,1252.0
i,1682,1232,1720,1285,7,78,6,1701.0,1252.5
o,1720,1232,1758,1286,7,78,7,1739.0,1246.5
.,1758,1232,1796,1286,7,78,8,1777.0,1236.0
.,1796,1232,1834,1286,7,78,9,1815.0,1236.0
.,1834,1232,1872,1286,7,78,10,1853.0,1236.0
),1872,1232,1910,1293,7,78,11,1891.0,1255.5
 ,1910,1232,1948,1285,7,78,0,1929.0,1232.0
h,1948,1232,1986,1285,7,79,1,1967.0,1251.5
a,1986,1232,2024,1286,7,79,2,2005.0,1246.5
b,2024,1232,2062,1286,7,79,3,2043.0,1252.0
r,2062,1232,2100,1285,7,79,4,2081.0,1246.0
í,2100,1232,2138,1285,7,79,5,2119.0,1252.0
a,2138,1232,2176,1286,7,79,6,2157.0,1246.5
 ,2176,1232,2214,1285,7,79,0,2195.0,1232.0
s,2214,1232,2252,1286,7,80,1,2233.0,1246.5
i,2252,1232,2290,1285,7,80,2,2271.0,1252.5
d,2290,1232,2328,1286,7,80,3,2309.0,1252.0
o,2328,1232,2366,1286,7,80,4,2347.0,1246.5
 ,2366,1232,2404,1285,7,80,0,2385.0,1232.0
d,2404,1232,2442,1286,7,81,1,2423.0,1252.0
e,2442,1232,2480,1286,7,81,2,2461.0,1246.5
s,2480,1232,2518,1286,7,81,3,2499.0,1246.5
v,2518,1232,2556,1285,7,81,4,2537.0,1245.5
e,2556,1232,2594,1286,7,81,5,2575.0,1246.5
n,2594,1232,2632,1285,7,81,6,2613.0,1246.0
t,2632,1232,2670,1286,7,81,7,2651.0,1250.5
a,2670,1232,2708,1286,7,81,8,2689.0,1246.5
j,2708,1232,2746,1297,7,81,9,2727.0,1258.5
o,2746,1232,2784,1286,7,81,10,2765.0,1246.5
s,2784,1232,2822,1286,7,81,11,2803.0,1246.5
a,2822,1232,2860,1286,7,81,12,2841.0,1246.5
 ,2860,1232,2898,1285,7,81,0,2879.0,1232.0
p,2898,1232,2936,1297,7,82,1,2917.0,1252.0
a,2936,1232,2974,1286,7,82,2,2955.0,1246.5
r,2974,1232,3012,1285,7,82,3,2993.0,1246.0
a,3012,1232,3050,1286,7,82,4,3031.0,1246.5
 ,3050,1232,3088,1285,7,82,0,3069.0,1232.0
l,3088,1232,3126,1285,7,83,1,3107.0,1251.5
a,3126,1232,3164,1286,7,83,2,3145.0,1246.5
s,3164,1232,3202,1286,7,83,3,3183.0,1246.5
p,10,1358,48,1423,8,84,1,29.0,1378.0
o,48,1358,86,1412,8,84,2,67.0,1372.5
b,86,1358,124,1412,8,84,3,105.0,1378.0
l,124,1358,162,1411,8,84,4,143.0,1377.5
a,162,1358,200,1412,8,84,5,181.0,1372.5
c,200,1358,238,1412,8,84,6,219.0,1372.5
i,238,1358,276,1411,8,84,7,257.0,1378.5
o,276,1358,314,1412,8,84,8,295.0,1372.5
n,314,1358,352,1411,8,84,9,333.0,1372.0
e,352,1358,390,1412,8,84,10,371.0,1372.5
s,390,1358,428,1412,8,84,11,409.0,1372.5
 ,428,1358,466,1411,8,84,0,447.0,1358.0
n,466,1358,504,1411,8,85,1,485.0,1372.0
e,504,1358,542,1412,8,85,2,523.0,1372.5
a,542,1358,580,1412,8,85,3,561.0,1372.5
n,580,1358,618,1411,8,85,4,599.0,1372.0
d,618,1358,656,1412,8,85,5,637.0,1378.0
e,656,1358,694,1412,8,85,6,675.0,1372.5
r,694,1358,732,1411,8,85,7,713.0,1372.0
t,732,1358,770,1412,8,85,8,751.0,1376.5
a,770,1358,808,1412,8,85,9,789.0,1372.5
l,808,1358,846,1411,8,85,10,827.0,1377.5
e,846,1358,884,1412,8,85,11,865.0,1372.5
s,884,1358,922,1412,8,85,12,903.0,1372.5
",",922,1358,960,1420,8,85,13,941.0,1367.5
 ,960,1358,998,1411,8,85,0,979.0,1358.0
d,998,1358,1036,1412,8,86,1,1017.0,1378.0
a,1036,1358,1074,1412,8,86,2,1055.0,1372.5
d,1074,1358,1112,1412,8,86,3,1093.0,1378.0
a,1112,1358,1150,1412,8,86,4,1131.0,1372.5
 ,1150,1358,1188,1411,8,86,0,1169.0,1358.0
l,1188,1358,1226,1411,8,87,1,1207.0,1377.5
a,1226,1358,1264,1412,8,87,2,1245.0,1372.5
 ,1264,1358,1302,1411,8,87,0,1283.0,1358.0
m,1302,1358,1340,1411,8,88,1,1321.0,1372.0
e,1340,1358,1378,1412,8,88,2,1359.0,1372.5
j,1378,1358,1416,1423,8,88,3,1397.0,1384.5
o,1416,1358,1454,1412,8,88,4,1435.0,1372.5
r,1454,1358,1492,1411,8,88,5,1473.0,1372.0
 ,1492,1358,1530,1411,8,88,0,1511.0,1358.0
d,1530,1358,1568,1412,8,89,1,1549.0,1378.0
o,1568,1358,1606,1412,8,89,2,1587.0,1372.5
t,1606,1358,1644,1412,8,89,3,1625.0,1376.5
a,1644,1358,1682,1412,8,89,4,1663.0,1372.5
c,1682,1358,1720,1412,8,89,5,1701.0,1372.5
i,1720,1358,1758,1411,8,89,6,1739.0,1378.5
ó,1758,1358,1796,1412,8,89,7,1777.0,1378.5
n,1796,1358,1834,1411,8,89,8,1815.0,1372.0
 ,1834,1358,1872,1411,8,89,0,1853.0,1358.0
c,1872,1358,1910,1412,8,90,1,1891.0,1372.5
o,1910,1358,1948,1412,8,90,2,1929.0,1372.5
g,1948,1358,1986,1423,8,90,3,1967.0,1378.0
n,1986,1358,2024,1411,8,90,4,2005.0,1372.0
i,2024,1358,2062,1411,8,90,5,2043.0,1378.5
t,2062,1358,2100,1412,8,90,6,2081.0,1376.5
i,2100,1358,2138,1411,8,90,7,2119.0,1378.5
v,2138,1358,2176,1411,8,90,8,2157.0,1371.5
a,2176,1358,2214,1412,8,90,9,2195.0,1372.5
 ,2214,1358,2252,1411,8,90,0,2233.0,1358.0
y,2252,1358,2290,1423,8,91,1,2271.0,1377.5
 ,2290,1358,2328,1411,8,91,0,2309.0,1358.0
c,2328,1358,2366,1412,8,92,1,2347.0,1372.5
u,2366,1358,2404,1412,8,92,2,2385.0,1372.0
l,2404,1358,2442,1411,8,92,3,2423.0,1377.5
t,2442,1358,2480,1412,8,92,4,2461.0,1376.5
u,2480,1358,2518,1412,8,92,5,2499.0,1372.0
r,2518,1358,2556,1411,8,92,6,2537.0,1372.0
a,2556,1358,2594,1412,8,92,7,2575.0,1372.5
l,2594,1358,2632,1411,8,92,8,2613.0,1377.5
 ,2632,1358,2670,1411,8,92,0,2651.0,1358.0
d,2670,1358,2708,1412,8,93,1,2689.0,1378.0
e,2708,1358,2746,1412,8,93,2,2727.0,1372.5
 ,2746,1358,2784,1411,8,93,0,2765.0,1358.0
l,2784,1358,2822,1411,8,94,1,2803.0,1377.5
o,2822,1358,2860,1412,8,94,2,2841.0,1372.5
s,2860,1358,2898,1412,8,94,3,2879.0,1372.5
 ,2898,1358,2936,1411,8,94,0,2917.0,1358.0
r,2936,1358,2974,1411,8,95,1,2955.0,1372.0
e,2974,1358,3012,1412,8,95,2,2993.0,1372.5
c,3012,1358,3050,1412,8,95,3,3031.0,1372.5
i,3050,1358,3088,1411,8,95,4,3069.0,1378.5
é,3088,1358,3126,1412,8,95,5,3107.0,1378.5
n,3126,1358,3164,1411,8,95,6,3145.0,1372.0
l,10,1484,48,1537,9,96,1,29.0,1503.5
l,48,1484,86,1537,9,96,2,67.0,1503.5
e,86,1484,124,1538,9,96,3,105.0,1498.5
g,124,1484,162,1549,9,96,4,143.0,1504.0
a,162,1484,200,1538,9,96,5,181.0,1498.5
d,200,1484,238,1538,9,96,6,219.0,1504.0
o,238,1484,276,1538,9,96,7,257.0,1498.5
s,276,1484,314,1538,9,96,8,295.0,1498.5
.,314,1484,352,1538,9,96,9,333.0,1488.0
 ,352,1484,390,1537,9,96,0,371.0,1484.0
E,390,1484,428,1537,9,97,1,409.0,1502.0
s,428,1484,466,1538,9,97,2,447.0,1498.5
t,466,1484,504,1538,9,97,3,485.0,1502.5
e,504,1484,542,1538,9,97,4,523.0,1498.5
 ,542,1484,580,1537,9,97,0,561.0,1484.0
m,580,1484,618,1537,9,98,1,599.0,1498.0
a,618,1484,656,1538,9,98,2,637.0,1498.5
r,656,1484,694,1537,9,98,3,675.0,1498.0
c,694,1484,732,1538,9,98,4,713.0,1498.5
o,732,1484,770,1538,9,98,5,751.0,1498.5
 ,770,1484,808,1537,9,98,0,789.0,1484.0
d,808,1484,846,1538,9,99,1,827.0,1504.0
e,846,1484,884,1538,9,99,2,865.0,1498.5
 ,884,1484,922,1537,9,99,0,903.0,1484.0
i,922,1484,960,1537,9,100,1,941.0,1504.5
n,960,1484,998,1537,9,100,2,979.0,1498.0
t,998,1484,1036,1538,9,100,3,1017.0,1502.5
e,1036,1484,1074,1538,9,100,4,1055.0,1498.5
r,1074,1484,1112,1537,9,100,5,1093.0,1498.0
p,1112,1484,1150,1549,9,100,6,1131.0,1504.0
r,1150,1484,1188,1537,9,100,7,1169.0,1498.0
e,1188,1484,1226,1538,9,100,8,1207.0,1498.5
t,1226,1484,1264,1538,9,100,9,1245.0,1502.5
a,1264,1484,1302,1538,9,100,10,1283.0,1498.5
c,1302,1484,1340,1538,9,100,11,1321.0,1498.5
i,1340,1484,1378,1537,9,100,12,1359.0,1504.5
ó,1378,1484,1416,1538,9,100,13,1397.0,1504.5
n,1416,1484,1454,1537,9,100,14,1435.0,1498.0
 ,1454,1484,1492,1537,9,100,0,1473.0,1484.0
n,1492,1484,1530,1537,9,101,1,1511.0,1498.0
o,1530,1484,1568,1538,9,101,2,1549.0,1498.5
 ,1568,1484,1606,1537,9,101,0,1587.0,1484.0
c,1606,1484,1644,1538,9,102,1,1625.0,1498.5
o,1644,1484,1682,1538,9,102,2,1663.0,1498.5
n,1682,1484,1720,1537,9,102,3,1701.0,1498.0
t,1720,1484,1758,1538,9,102,4,1739.0,1502.5
e,1758,1484,1796,1538,9,102,5,1777.0,1498.5
m,1796,1484,1834,1537,9,102,6,1815.0,1498.0
p,1834,1484,1872,1549,9,102,7,1853.0,1504.0
l,1872,1484,1910,1537,9,102,8,1891.0,1503.5
a,1910,1484,1948,1538,9,102,9,1929.0,1498.5
 ,1948,1484,1986,1537,9,102,0,1967.0,1484.0
e,1986,1484,2024,1538,9,103,1,2005.0,1498.5
n,2024,1484,2062,1537,9,103,2,2043.0,1498.0
 ,2062,1484,2100,1537,9,103,0,2081.0,1484.0
p,2100,1484,2138,1549,9,104,1,2119.0,1504.0
r,2138,1484,2176,1537,9,104,2,2157.0,1498.0
i,2176,1484,2214,1537,9,104,3,2195.0,1504.5
m,2214,1484,2252,1537,9,104,4,2233.0,1498.0
e,2252,1484,2290,1538,9,104,5,2271.0,1498.5
r,2290,1484,2328,1537,9,104,6,2309.0,1498.0
 ,2328,1484,2366,1537,9,104,0,2347.0,1484.0
p,2366,1484,2404,1549,9,105,1,2385.0,1504.0
l,2404,1484,2442,1537,9,105,2,2423.0,1503.5
a,2442,1484,2480,1538,9,105,3,2461.0,1498.5
n,2480,1484,2518,1537,9,105,4,2499.0,1498.0
o,2518,1484,2556,1538,9,105,5,2537.0,1498.5
 ,2556,1484,2594,1537,9,105,0,2575.0,1484.0
e,2594,1484,2632,1538,9,106,1,2613.0,1498.5
l,2632,1484,2670,1537,9,106,2,2651.0,1503.5
 ,2670,1484,2708,1537,9,106,0,2689.0,1484.0
c,2708,1484,2746,1538,9,107,1,2727.0,1498.5
o,2746,1484,2784,1538,9,107,2,2765.0,1498.5
m,2784,1484,2822,1537,9,107,3,2803.0,1498.0
p,2822,1484,2860,1549,9,107,4,2841.0,1504.0
l,2860,1484,2898,1537,9,107,5,2879.0,1503.5
e,2898,1484,2936,1538,9,107,6,2917.0,1498.5
j,2936,1484,2974,1549,9,107,7,2955.0,1510.5
o,2974,1484,3012,1538,9,107,8,2993.0,1498.5
 ,3012,1484,3050,1537,9,107,0,3031.0,1484.0
c,3050,1484,3088,1538,9,108,1,3069.0,1498.5
o,3088,1484,3126,1538,9,108,2,3107.0,1498.5
n,3126,1484,3164,1537,9,108,3,3145.0,1498.0
t,3164,1484,3202,1538,9,108,4,3183.0,1502.5
e,3202,1484,3240,1538,9,108,5,3221.0,1498.5
x,3240,1484,3278,1537,9,108,6,3259.0,1497.5
t,3278,1484,3316,1538,9,108,7,3297.0,1502.5
o,3316,1484,3354,1538,9,108,8,3335.0,1498.5
p,10,1610,48,1675,10,109,1,29.0,1630.0
a,48,1610,86,1664,10,109,2,67.0,1624.5
l,86,1610,124,1663,10,109,3,105.0,1629.5
e,124,1610,162,1664,10,109,4,143.0,1624.5
o,162,1610,200,1664,10,109,5,181.0,1624.5
e,200,1610,238,1664,10,109,6,219.0,1624.5
c,238,1610,276,1664,10,109,7,257.0,1624.5
o,276,1610,314,1664,10,109,8,295.0,1624.5
l,314,1610,352,1663,10,109,9,333.0,1629.5
ó,352,1610,390,1664,10,109,10,371.0,1630.5
g,390,1610,428,1675,10,109,11,409.0,1630.0
i,428,1610,466,1663,10,109,12,447.0,1630.5
c,466,1610,504,1664,10,109,13,485.0,1624.5
o,504,1610,542,1664,10,109,14,523.0,1624.5
 ,542,1610,580,1663,10,109,0,561.0,1610.0
d,580,1610,618,1664,10,110,1,599.0,1630.0
e,618,1610,656,1664,10,110,2,637.0,1624.5
l,656,1610,694,1663,10,110,3,675.0,1629.5
 ,694,1610,732,1663,10,110,0,713.0,1610.0
p,732,1610,770,1675,10,111,1,751.0,1630.0
e,770,1610,808,1664,10,111,2,789.0,1624.5
r,808,1610,846,1663,10,111,3,827.0,1624.0
i,846,1610,884,1663,10,111,4,865.0,1630.5
o,884,1610,922,1664,10,111,5,903.0,1624.5
d,922,1610,960,1664,10,111,6,941.0,1630.0
o,960,1610,998,1664,10,111,7,979.0,1624.5
 ,998,1610,1036,1663,10,111,0,1017.0,1610.0
e,1036,1610,1074,1664,10,112,1,1055.0,1624.5
n,1074,1610,1112,1663,10,112,2,1093.0,1624.0
 ,1112,1610,1150,1663,10,112,0,1131.0,1610.0
c,1150,1610,1188,1664,10,113,1,1169.0,1624.5
u,1188,1610,1226,1664,10,113,2,1207.0,1624.0
e,1226,1610,1264,1664,10,113,3,1245.0,1624.5
s,1264,1610,1302,1664,10,113,4,1283.0,1624.5
t,1302,1610,1340,1664,10,113,5,1321.0,1628.5
i,1340,1610,1378,1663,10,113,6,1359.0,1630.5
ó,1378,1610,1416,1664,10,113,7,1397.0,1630.5
n,1416,1610,1454,1663,10,113,8,1435.0,1624.0
 ,1454,1610,1492,1663,10,113,0,1473.0,1610.0
y,1492,1610,1530,1675,10,114,1,1511.0,1629.5
 ,1530,1610,1568,1663,10,114,0,1549.0,1610.0
a,1568,1610,1606,1664,10,115,1,1587.0,1624.5
t,1606,1610,1644,1664,10,115,2,1625.0,1628.5
i,1644,1610,1682,1663,10,115,3,1663.0,1630.5
e,1682,1610,1720,1664,10,115,4,1701.0,1624.5
n,1720,1610,1758,1663,10,115,5,1739.0,1624.0
d,1758,1610,1796,1664,10,115,6,1777.0,1630.0
e,1796,1610,1834,1664,10,115,7,1815.0,1624.5
 ,1834,1610,1872,1663,10,115,0,1853.0,1610.0
f,1872,1610,1910,1663,10,116,1,1891.0,1629.5
u,1910,1610,1948,1664,10,116,2,1929.0,1624.0
n,1948,1610,1986,1663,10,116,3,1967.0,1624.0
d,1986,1610,2024,1664,10,116,4,2005.0,1630.0
a,2024,1610,2062,1664,10,116,5,2043.0,1624.5
m,2062,1610,2100,1663,10,116,6,2081.0,1624.0
e,2100,1610,2138,1664,10,116,7,2119.0,1624.5
n,2138,1610,2176,1663,10,116,8,2157.0,1624.0
t,2176,1610,2214,1664,10,116,9,2195.0,1628.5
a,2214,1610,2252,1664,10,116,10,2233.0,1624.5
l,2252,1610,2290,1663,10,116,11,2271.0,1629.5
m,2290,1610,2328,1663,10,116,12,2309.0,1624.0
e,2328,1610,2366,1664,10,116,13,2347.0,1624.5
n,2366,1610,2404,1663,10,116,14,2385.0,1624.0
t,2404,1610,2442,1664,10,116,15,2423.0,1628.5
e,2442,1610,2480,1664,10,116,16,2461.0,1624.5
 ,2480,1610,2518,1663,10,116,0,2499.0,1610.0
a,2518,1610,2556,1664,10,117,1,2537.0,1624.5
 ,2556,1610,2594,1663,10,117,0,2575.0,1610.0
r,2594,1610,2632,1663,10,118,1,2613.0,1624.0
a,2632,1610,2670,1664,10,118,2,2651.0,1624.5
z,2670,1610,2708,1663,10,118,3,2689.0,1623.5
o,2708,1610,2746,1664,10,118,4,2727.0,1624.5
n,2746,1610,2784,1663,10,118,5,2765.0,1624.0
e,2784,1610,2822,1664,10,118,6,2803.0,1624.5
s,2822,1610,2860,1664,10,118,7,2841.0,1624.5
 ,2860,1610,2898,1663,10,118,0,2879.0,1610.0
c,2898,1610,2936,1664,10,119,1,2917.0,1624.5
u,2936,1610,2974,1664,10,119,2,2955.0,1624.0
l,2974,1610,3012,1663,10,119,3,2993.0,1629.5
t,3012,1610,3050,1664,10,119,4,3031.0,1628.5
u,3050,1610,3088,1664,10,119,5,3069.0,1624.0
r,3088,1610,3126,1663,10,119,6,3107.0,1624.0
a,3126,1610,3164,1664,10,119,7,3145.0,1624.5
l,3164,1610,3202,1663,10,119,8,3183.0,1629.5
e,3202,1610,3240,1664,10,119,9,3221.0,1624.5
s,3240,1610,3278,1664,10,119,10,3259.0,1624.5
.,3278,1610,3316,1664,10,119,11,3297.0,1614.0
R,10,1736,48,1789,11,120,1,29.0,1754.0
e,48,1736,86,1790,11,120,2,67.0,1750.5
p,86,1736,124,1801,11,120,3,105.0,1756.0
a,124,1736,162,1790,11,120,4,143.0,1750.5
s,162,1736,200,1790,11,120,5,181.0,1750.5
e,200,1736,238,1790,11,120,6,219.0,1750.5
m,238,1736,276,1789,11,120,7,257.0,1750.0
o,276,1736,314,1790,11,120,8,295.0,1750.5
s,314,1736,352,1790,11,120,9,333.0,1750.5
 ,352,1736,390,1789,11,120,0,371.0,1736.0
e,390,1736,428,1790,11,121,1,409.0,1750.5
l,428,1736,466,1789,11,121,2,447.0,1755.5
 ,466,1736,504,1789,11,121,0,485.0,1736.0
e,504,1736,542,1790,11,122,1,523.0,1750.5
s,542,1736,580,1790,11,122,2,561.0,1750.5
t,580,1736,618,1790,11,122,3,599.0,1754.5
a,618,1736,656,1790,11,122,4,637.0,1750.5
d,656,1736,694,1790,11,122,5,675.0,1756.0
o,694,1736,732,1790,11,122,6,713.0,1750.5
 ,732,1736,770,1789,11,122,0,751.0,1736.0
d,770,1736,808,1790,11,123,1,789.0,1756.0
e,808,1736,846,1790,11,123,2,827.0,1750.5
 ,846,1736,884,1789,11,123,0,865.0,1736.0
l,884,1736,922,1789,11,124,1,903.0,1755.5
a,922,1736,960,1790,11,124,2,941.0,1750.5
 ,960,1736,998,1789,11,124,0,979.0,1736.0
c,998,1736,1036,1790,11,125,1,1017.0,1750.5
u,1036,1736,1074,1790,11,125,2,1055.0,1750.0
e,1074,1736,1112,1790,11,125,3,1093.0,1750.5
s,1112,1736,1150,1790,11,125,4,1131.0,1750.5
t,1150,1736,1188,1790,11,125,5,1169.0,1754.5
i,1188,1736,1226,1789,11,125,6,1207.0,1756.5
ó,1226,1736,1264,1790,11,125,7,1245.0,1756.5
n,1264,1736,1302,1789,11,125,8,1283.0,1750.0
 ,1302,1736,1340,1789,11,125,0,1321.0,1736.0
d,1340,1736,1378,1790,11,126,1,1359.0,1756.0
e,1378,1736,1416,1790,11,126,2,1397.0,1750.5
 ,1416,1736,1454,1789,11,126,0,1435.0,1736.0
e,1454,1736,1492,1790,11,127,1,1473.0,1750.5
s,1492,1736,1530,1790,11,127,2,1511.0,1750.5
t,1530,1736,1568,1790,11,127,3,1549.0,1754.5
o,1568,1736,1606,1790,11,127,4,1587.0,1750.5
s,1606,1736,1644,1790,11,127,5,1625.0,1750.5
 ,1644,1736,1682,1789,11,127,0,1663.0,1736.0
t,1682,1736,1720,1790,11,128,1,1701.0,1754.5
e,1720,1736,1758,1790,11,128,2,1739.0,1750.5
m,1758,1736,1796,1789,11,128,3,1777.0,1750.0
a,1796,1736,1834,1790,11,128,4,1815.0,1750.5
s,1834,1736,1872,1790,11,128,5,1853.0,1750.5
.,1872,1736,1910,1790,11,128,6,1891.0,1740.0
